seat_number,seat_coordinates,snapshot,Snapshot status,Snapshot Time,camera
1,"[328, 492, 312, 498]",snapshot_1,Present,01-08-2024 09:49,transformed_cam1.csv
2,"[353, 536, 514, 750]",snapshot_1,Present,01-08-2024 09:49,transformed_cam1.csv
3,"[414, 601, 869, 1089]",snapshot_1,Present,01-08-2024 09:49,transformed_cam1.csv
4,"[435, 653, 1277, 1526]",snapshot_1,Present,01-08-2024 09:49,transformed_cam1.csv
5,"[178, 289, 293, 435]",snapshot_1,Present,01-08-2024 09:49,transformed_cam1.csv
6,"[195, 296, 451, 600]",snapshot_1,Present,01-08-2024 09:49,transformed_cam1.csv
7,"[196, 323, 613, 808]",snapshot_1,Present,01-08-2024 09:49,transformed_cam1.csv
8,"[222, 355, 845, 1034]",snapshot_1,Absent,01-08-2024 09:49,transformed_cam1.csv
9,"[243, 384, 1171, 1356]",snapshot_1,Present,01-08-2024 09:49,transformed_cam1.csv
10,"[276, 419, 1428, 1597]",snapshot_1,Present,01-08-2024 09:49,transformed_cam1.csv
11,"[89, 154, 248, 352]",snapshot_1,Absent,01-08-2024 09:49,transformed_cam1.csv
12,"[93, 163, 379, 479]",snapshot_1,Present,01-08-2024 09:49,transformed_cam1.csv
13,"[99, 169, 510, 637]",snapshot_1,Present,01-08-2024 09:49,transformed_cam1.csv
14,"[106, 196, 653, 792]",snapshot_1,Present,01-08-2024 09:50,transformed_cam1.csv
15,"[117, 202, 850, 1011]",snapshot_1,Present,01-08-2024 09:50,transformed_cam1.csv
16,"[130, 215, 1059, 1166]",snapshot_1,Absent,01-08-2024 09:50,transformed_cam1.csv
17,"[128, 230, 1193, 1335]",snapshot_1,Present,01-08-2024 09:50,transformed_cam1.csv
18,"[162, 265, 1431, 1574]",snapshot_1,Absent,01-08-2024 09:50,transformed_cam1.csv
19,"[35, 90, 252, 315]",snapshot_1,Absent,01-08-2024 09:50,transformed_cam1.csv
20,"[27, 90, 337, 437]",snapshot_1,Present,01-08-2024 09:50,transformed_cam1.csv
21,"[33, 94, 479, 579]",snapshot_1,Absent,01-08-2024 09:50,transformed_cam1.csv
22,"[41, 100, 588, 693]",snapshot_1,Absent,01-08-2024 09:50,transformed_cam1.csv
23,"[40, 116, 810, 958]",snapshot_1,Present,01-08-2024 09:50,transformed_cam1.csv
24,"[34, 124, 966, 1084]",snapshot_1,Absent,01-08-2024 09:50,transformed_cam1.csv
25,"[55, 135, 1135, 1251]",snapshot_1,Present,01-08-2024 09:50,transformed_cam1.csv
26,"[53, 143, 1130, 1259]",snapshot_1,Present,01-08-2024 09:50,transformed_cam1.csv
27,"[56, 144, 1265, 1391]",snapshot_1,Absent,01-08-2024 09:50,transformed_cam1.csv
28,"[67, 159, 1406, 1542]",snapshot_1,Present,01-08-2024 09:51,transformed_cam1.csv
1,"[328, 492, 312, 498]",snapshot_2,Present,01-08-2024 10:04,transformed_cam1.csv
2,"[353, 536, 514, 750]",snapshot_2,Present,01-08-2024 10:04,transformed_cam1.csv
3,"[414, 601, 869, 1089]",snapshot_2,Present,01-08-2024 10:04,transformed_cam1.csv
4,"[435, 653, 1277, 1526]",snapshot_2,Present,01-08-2024 10:05,transformed_cam1.csv
5,"[178, 289, 293, 435]",snapshot_2,Present,01-08-2024 10:05,transformed_cam1.csv
6,"[195, 296, 451, 600]",snapshot_2,Present,01-08-2024 10:05,transformed_cam1.csv
7,"[196, 323, 613, 808]",snapshot_2,Present,01-08-2024 10:05,transformed_cam1.csv
8,"[222, 355, 845, 1034]",snapshot_2,Absent,01-08-2024 10:05,transformed_cam1.csv
9,"[243, 384, 1171, 1356]",snapshot_2,Present,01-08-2024 10:05,transformed_cam1.csv
10,"[276, 419, 1428, 1597]",snapshot_2,Present,01-08-2024 10:05,transformed_cam1.csv
11,"[89, 154, 248, 352]",snapshot_2,Absent,01-08-2024 10:05,transformed_cam1.csv
12,"[93, 163, 379, 479]",snapshot_2,Present,01-08-2024 10:05,transformed_cam1.csv
13,"[99, 169, 510, 637]",snapshot_2,Present,01-08-2024 10:05,transformed_cam1.csv
14,"[106, 196, 653, 792]",snapshot_2,Present,01-08-2024 10:05,transformed_cam1.csv
15,"[117, 202, 850, 1011]",snapshot_2,Present,01-08-2024 10:05,transformed_cam1.csv
16,"[130, 215, 1059, 1166]",snapshot_2,Present,01-08-2024 10:05,transformed_cam1.csv
17,"[128, 230, 1193, 1335]",snapshot_2,Present,01-08-2024 10:05,transformed_cam1.csv
18,"[162, 265, 1431, 1574]",snapshot_2,Present,01-08-2024 10:05,transformed_cam1.csv
19,"[35, 90, 252, 315]",snapshot_2,Absent,01-08-2024 10:05,transformed_cam1.csv
20,"[27, 90, 337, 437]",snapshot_2,Present,01-08-2024 10:05,transformed_cam1.csv
21,"[33, 94, 479, 579]",snapshot_2,Absent,01-08-2024 10:05,transformed_cam1.csv
22,"[41, 100, 588, 693]",snapshot_2,Present,01-08-2024 10:05,transformed_cam1.csv
23,"[40, 116, 810, 958]",snapshot_2,Present,01-08-2024 10:05,transformed_cam1.csv
24,"[34, 124, 966, 1084]",snapshot_2,Absent,01-08-2024 10:05,transformed_cam1.csv
25,"[55, 135, 1135, 1251]",snapshot_2,Absent,01-08-2024 10:05,transformed_cam1.csv
26,"[53, 143, 1130, 1259]",snapshot_2,Absent,01-08-2024 10:05,transformed_cam1.csv
27,"[56, 144, 1265, 1391]",snapshot_2,Present,01-08-2024 10:05,transformed_cam1.csv
28,"[67, 159, 1406, 1542]",snapshot_2,Present,01-08-2024 10:05,transformed_cam1.csv
1,"[328, 492, 312, 498]",snapshot_3,Present,01-08-2024 10:11,transformed_cam1.csv
2,"[353, 536, 514, 750]",snapshot_3,Present,01-08-2024 10:11,transformed_cam1.csv
3,"[414, 601, 869, 1089]",snapshot_3,Absent,01-08-2024 10:11,transformed_cam1.csv
4,"[435, 653, 1277, 1526]",snapshot_3,Present,01-08-2024 10:11,transformed_cam1.csv
5,"[178, 289, 293, 435]",snapshot_3,Present,01-08-2024 10:11,transformed_cam1.csv
6,"[195, 296, 451, 600]",snapshot_3,Present,01-08-2024 10:11,transformed_cam1.csv
7,"[196, 323, 613, 808]",snapshot_3,Present,01-08-2024 10:11,transformed_cam1.csv
8,"[222, 355, 845, 1034]",snapshot_3,Absent,01-08-2024 10:11,transformed_cam1.csv
9,"[243, 384, 1171, 1356]",snapshot_3,Present,01-08-2024 10:11,transformed_cam1.csv
10,"[276, 419, 1428, 1597]",snapshot_3,Present,01-08-2024 10:11,transformed_cam1.csv
11,"[89, 154, 248, 352]",snapshot_3,Absent,01-08-2024 10:11,transformed_cam1.csv
12,"[93, 163, 379, 479]",snapshot_3,Present,01-08-2024 10:11,transformed_cam1.csv
13,"[99, 169, 510, 637]",snapshot_3,Absent,01-08-2024 10:11,transformed_cam1.csv
14,"[106, 196, 653, 792]",snapshot_3,Absent,01-08-2024 10:11,transformed_cam1.csv
15,"[117, 202, 850, 1011]",snapshot_3,Present,01-08-2024 10:11,transformed_cam1.csv
16,"[130, 215, 1059, 1166]",snapshot_3,Absent,01-08-2024 10:11,transformed_cam1.csv
17,"[128, 230, 1193, 1335]",snapshot_3,Present,01-08-2024 10:11,transformed_cam1.csv
18,"[162, 265, 1431, 1574]",snapshot_3,Present,01-08-2024 10:11,transformed_cam1.csv
19,"[35, 90, 252, 315]",snapshot_3,Absent,01-08-2024 10:11,transformed_cam1.csv
20,"[27, 90, 337, 437]",snapshot_3,Present,01-08-2024 10:11,transformed_cam1.csv
21,"[33, 94, 479, 579]",snapshot_3,Absent,01-08-2024 10:11,transformed_cam1.csv
22,"[41, 100, 588, 693]",snapshot_3,Absent,01-08-2024 10:11,transformed_cam1.csv
23,"[40, 116, 810, 958]",snapshot_3,Absent,01-08-2024 10:11,transformed_cam1.csv
24,"[34, 124, 966, 1084]",snapshot_3,Absent,01-08-2024 10:11,transformed_cam1.csv
25,"[55, 135, 1135, 1251]",snapshot_3,Absent,01-08-2024 10:11,transformed_cam1.csv
26,"[53, 143, 1130, 1259]",snapshot_3,Absent,01-08-2024 10:11,transformed_cam1.csv
27,"[56, 144, 1265, 1391]",snapshot_3,Present,01-08-2024 10:12,transformed_cam1.csv
28,"[67, 159, 1406, 1542]",snapshot_3,Present,01-08-2024 10:12,transformed_cam1.csv
1,"[328, 492, 312, 498]",snapshot_4,Present,01-08-2024 10:17,transformed_cam1.csv
2,"[353, 536, 514, 750]",snapshot_4,Present,01-08-2024 10:17,transformed_cam1.csv
3,"[414, 601, 869, 1089]",snapshot_4,Present,01-08-2024 10:17,transformed_cam1.csv
4,"[435, 653, 1277, 1526]",snapshot_4,Present,01-08-2024 10:17,transformed_cam1.csv
5,"[178, 289, 293, 435]",snapshot_4,Present,01-08-2024 10:17,transformed_cam1.csv
6,"[195, 296, 451, 600]",snapshot_4,Present,01-08-2024 10:17,transformed_cam1.csv
7,"[196, 323, 613, 808]",snapshot_4,Present,01-08-2024 10:17,transformed_cam1.csv
8,"[222, 355, 845, 1034]",snapshot_4,Absent,01-08-2024 10:17,transformed_cam1.csv
9,"[243, 384, 1171, 1356]",snapshot_4,Present,01-08-2024 10:17,transformed_cam1.csv
10,"[276, 419, 1428, 1597]",snapshot_4,Present,01-08-2024 10:17,transformed_cam1.csv
11,"[89, 154, 248, 352]",snapshot_4,Absent,01-08-2024 10:17,transformed_cam1.csv
12,"[93, 163, 379, 479]",snapshot_4,Present,01-08-2024 10:17,transformed_cam1.csv
13,"[99, 169, 510, 637]",snapshot_4,Present,01-08-2024 10:17,transformed_cam1.csv
14,"[106, 196, 653, 792]",snapshot_4,Present,01-08-2024 10:17,transformed_cam1.csv
15,"[117, 202, 850, 1011]",snapshot_4,Present,01-08-2024 10:17,transformed_cam1.csv
16,"[130, 215, 1059, 1166]",snapshot_4,Absent,01-08-2024 10:17,transformed_cam1.csv
17,"[128, 230, 1193, 1335]",snapshot_4,Present,01-08-2024 10:17,transformed_cam1.csv
18,"[162, 265, 1431, 1574]",snapshot_4,Present,01-08-2024 10:17,transformed_cam1.csv
19,"[35, 90, 252, 315]",snapshot_4,Absent,01-08-2024 10:17,transformed_cam1.csv
20,"[27, 90, 337, 437]",snapshot_4,Absent,01-08-2024 10:17,transformed_cam1.csv
21,"[33, 94, 479, 579]",snapshot_4,Absent,01-08-2024 10:17,transformed_cam1.csv
22,"[41, 100, 588, 693]",snapshot_4,Absent,01-08-2024 10:17,transformed_cam1.csv
23,"[40, 116, 810, 958]",snapshot_4,Present,01-08-2024 10:17,transformed_cam1.csv
24,"[34, 124, 966, 1084]",snapshot_4,Present,01-08-2024 10:17,transformed_cam1.csv
25,"[55, 135, 1135, 1251]",snapshot_4,Present,01-08-2024 10:17,transformed_cam1.csv
26,"[53, 143, 1130, 1259]",snapshot_4,Present,01-08-2024 10:17,transformed_cam1.csv
27,"[56, 144, 1265, 1391]",snapshot_4,Absent,01-08-2024 10:18,transformed_cam1.csv
28,"[67, 159, 1406, 1542]",snapshot_4,Present,01-08-2024 10:18,transformed_cam1.csv
1,"[328, 492, 312, 498]",snapshot_5,Present,01-08-2024 10:23,transformed_cam1.csv
2,"[353, 536, 514, 750]",snapshot_5,Present,01-08-2024 10:23,transformed_cam1.csv
3,"[414, 601, 869, 1089]",snapshot_5,Absent,01-08-2024 10:23,transformed_cam1.csv
4,"[435, 653, 1277, 1526]",snapshot_5,Present,01-08-2024 10:23,transformed_cam1.csv
5,"[178, 289, 293, 435]",snapshot_5,Absent,01-08-2024 10:23,transformed_cam1.csv
6,"[195, 296, 451, 600]",snapshot_5,Present,01-08-2024 10:23,transformed_cam1.csv
7,"[196, 323, 613, 808]",snapshot_5,Absent,01-08-2024 10:23,transformed_cam1.csv
8,"[222, 355, 845, 1034]",snapshot_5,Absent,01-08-2024 10:23,transformed_cam1.csv
9,"[243, 384, 1171, 1356]",snapshot_5,Absent,01-08-2024 10:23,transformed_cam1.csv
10,"[276, 419, 1428, 1597]",snapshot_5,Present,01-08-2024 10:23,transformed_cam1.csv
11,"[89, 154, 248, 352]",snapshot_5,Absent,01-08-2024 10:23,transformed_cam1.csv
12,"[93, 163, 379, 479]",snapshot_5,Absent,01-08-2024 10:23,transformed_cam1.csv
13,"[99, 169, 510, 637]",snapshot_5,Absent,01-08-2024 10:23,transformed_cam1.csv
14,"[106, 196, 653, 792]",snapshot_5,Absent,01-08-2024 10:23,transformed_cam1.csv
15,"[117, 202, 850, 1011]",snapshot_5,Absent,01-08-2024 10:23,transformed_cam1.csv
16,"[130, 215, 1059, 1166]",snapshot_5,Absent,01-08-2024 10:23,transformed_cam1.csv
17,"[128, 230, 1193, 1335]",snapshot_5,Absent,01-08-2024 10:23,transformed_cam1.csv
18,"[162, 265, 1431, 1574]",snapshot_5,Absent,01-08-2024 10:23,transformed_cam1.csv
19,"[35, 90, 252, 315]",snapshot_5,Absent,01-08-2024 10:23,transformed_cam1.csv
20,"[27, 90, 337, 437]",snapshot_5,Absent,01-08-2024 10:23,transformed_cam1.csv
21,"[33, 94, 479, 579]",snapshot_5,Absent,01-08-2024 10:23,transformed_cam1.csv
22,"[41, 100, 588, 693]",snapshot_5,Absent,01-08-2024 10:23,transformed_cam1.csv
23,"[40, 116, 810, 958]",snapshot_5,Absent,01-08-2024 10:23,transformed_cam1.csv
24,"[34, 124, 966, 1084]",snapshot_5,Absent,01-08-2024 10:23,transformed_cam1.csv
25,"[55, 135, 1135, 1251]",snapshot_5,Present,01-08-2024 10:23,transformed_cam1.csv
26,"[53, 143, 1130, 1259]",snapshot_5,Present,01-08-2024 10:23,transformed_cam1.csv
27,"[56, 144, 1265, 1391]",snapshot_5,Absent,01-08-2024 10:24,transformed_cam1.csv
28,"[67, 159, 1406, 1542]",snapshot_5,Absent,01-08-2024 10:24,transformed_cam1.csv
1,"[200, 282, 64, 173]",snapshot_1,Present,01-08-2024 09:51,transformed_cam2.csv
2,"[201, 286, 213, 309]",snapshot_1,Absent,01-08-2024 09:51,transformed_cam2.csv
3,"[189, 280, 332, 427]",snapshot_1,Absent,01-08-2024 09:51,transformed_cam2.csv
4,"[191, 293, 440, 561]",snapshot_1,Absent,01-08-2024 09:51,transformed_cam2.csv
5,"[181, 292, 597, 725]",snapshot_1,Present,01-08-2024 09:51,transformed_cam2.csv
6,"[183, 296, 779, 905]",snapshot_1,Present,01-08-2024 09:51,transformed_cam2.csv
7,"[193, 310, 952, 1089]",snapshot_1,Present,01-08-2024 09:51,transformed_cam2.csv
8,"[128, 178, 169, 276]",snapshot_1,Present,01-08-2024 09:51,transformed_cam2.csv
9,"[118, 175, 277, 361]",snapshot_1,Present,01-08-2024 09:51,transformed_cam2.csv
10,"[115, 178, 363, 471]",snapshot_1,Present,01-08-2024 09:51,transformed_cam2.csv
11,"[103, 170, 502, 592]",snapshot_1,Present,01-08-2024 09:52,transformed_cam2.csv
12,"[93, 171, 630, 727]",snapshot_1,Present,01-08-2024 09:52,transformed_cam2.csv
13,"[106, 176, 780, 883]",snapshot_1,Absent,01-08-2024 09:52,transformed_cam2.csv
14,"[108, 176, 921, 1035]",snapshot_1,Present,01-08-2024 09:52,transformed_cam2.csv
15,"[52, 115, 283, 357]",snapshot_1,Absent,01-08-2024 09:52,transformed_cam2.csv
16,"[62, 115, 364, 442]",snapshot_1,Present,01-08-2024 09:52,transformed_cam2.csv
17,"[57, 104, 485, 574]",snapshot_1,Absent,01-08-2024 09:52,transformed_cam2.csv
18,"[53, 97, 621, 703]",snapshot_1,Absent,01-08-2024 09:52,transformed_cam2.csv
19,"[44, 105, 721, 800]",snapshot_1,Absent,01-08-2024 09:52,transformed_cam2.csv
20,"[50, 100, 823, 912]",snapshot_1,Present,01-08-2024 09:52,transformed_cam2.csv
21,"[50, 105, 934, 1041]",snapshot_1,Absent,01-08-2024 09:52,transformed_cam2.csv
22,"[24, 64, 379, 450]",snapshot_1,Absent,01-08-2024 09:52,transformed_cam2.csv
23,"[14, 61, 467, 539]",snapshot_1,Absent,01-08-2024 09:53,transformed_cam2.csv
24,"[6, 53, 566, 638]",snapshot_1,Absent,01-08-2024 09:53,transformed_cam2.csv
25,"[9, 50, 665, 728]",snapshot_1,Absent,01-08-2024 09:53,transformed_cam2.csv
26,"[1, 54, 757, 826]",snapshot_1,Absent,01-08-2024 09:53,transformed_cam2.csv
27,"[4, 60, 837, 926]",snapshot_1,Absent,01-08-2024 09:53,transformed_cam2.csv
28,"[14, 51, 947, 1025]",snapshot_1,Present,01-08-2024 09:53,transformed_cam2.csv
1,"[200, 282, 64, 173]",snapshot_2,Absent,01-08-2024 10:05,transformed_cam2.csv
2,"[201, 286, 213, 309]",snapshot_2,Present,01-08-2024 10:05,transformed_cam2.csv
3,"[189, 280, 332, 427]",snapshot_2,Present,01-08-2024 10:05,transformed_cam2.csv
4,"[191, 293, 440, 561]",snapshot_2,Present,01-08-2024 10:06,transformed_cam2.csv
5,"[181, 292, 597, 725]",snapshot_2,Absent,01-08-2024 10:06,transformed_cam2.csv
6,"[183, 296, 779, 905]",snapshot_2,Present,01-08-2024 10:06,transformed_cam2.csv
7,"[193, 310, 952, 1089]",snapshot_2,Present,01-08-2024 10:06,transformed_cam2.csv
8,"[128, 178, 169, 276]",snapshot_2,Present,01-08-2024 10:06,transformed_cam2.csv
9,"[118, 175, 277, 361]",snapshot_2,Absent,01-08-2024 10:06,transformed_cam2.csv
10,"[115, 178, 363, 471]",snapshot_2,Present,01-08-2024 10:06,transformed_cam2.csv
11,"[103, 170, 502, 592]",snapshot_2,Present,01-08-2024 10:06,transformed_cam2.csv
12,"[93, 171, 630, 727]",snapshot_2,Present,01-08-2024 10:06,transformed_cam2.csv
13,"[106, 176, 780, 883]",snapshot_2,Absent,01-08-2024 10:06,transformed_cam2.csv
14,"[108, 176, 921, 1035]",snapshot_2,Present,01-08-2024 10:06,transformed_cam2.csv
15,"[52, 115, 283, 357]",snapshot_2,Present,01-08-2024 10:06,transformed_cam2.csv
16,"[62, 115, 364, 442]",snapshot_2,Present,01-08-2024 10:06,transformed_cam2.csv
17,"[57, 104, 485, 574]",snapshot_2,Absent,01-08-2024 10:06,transformed_cam2.csv
18,"[53, 97, 621, 703]",snapshot_2,Absent,01-08-2024 10:06,transformed_cam2.csv
19,"[44, 105, 721, 800]",snapshot_2,Absent,01-08-2024 10:06,transformed_cam2.csv
20,"[50, 100, 823, 912]",snapshot_2,Absent,01-08-2024 10:06,transformed_cam2.csv
21,"[50, 105, 934, 1041]",snapshot_2,Absent,01-08-2024 10:06,transformed_cam2.csv
22,"[24, 64, 379, 450]",snapshot_2,Present,01-08-2024 10:06,transformed_cam2.csv
23,"[14, 61, 467, 539]",snapshot_2,Absent,01-08-2024 10:06,transformed_cam2.csv
24,"[6, 53, 566, 638]",snapshot_2,Absent,01-08-2024 10:06,transformed_cam2.csv
25,"[9, 50, 665, 728]",snapshot_2,Absent,01-08-2024 10:06,transformed_cam2.csv
26,"[1, 54, 757, 826]",snapshot_2,Absent,01-08-2024 10:06,transformed_cam2.csv
27,"[4, 60, 837, 926]",snapshot_2,Absent,01-08-2024 10:06,transformed_cam2.csv
28,"[14, 51, 947, 1025]",snapshot_2,Present,01-08-2024 10:06,transformed_cam2.csv
1,"[200, 282, 64, 173]",snapshot_3,Present,01-08-2024 10:12,transformed_cam2.csv
2,"[201, 286, 213, 309]",snapshot_3,Present,01-08-2024 10:12,transformed_cam2.csv
3,"[189, 280, 332, 427]",snapshot_3,Absent,01-08-2024 10:12,transformed_cam2.csv
4,"[191, 293, 440, 561]",snapshot_3,Absent,01-08-2024 10:12,transformed_cam2.csv
5,"[181, 292, 597, 725]",snapshot_3,Present,01-08-2024 10:12,transformed_cam2.csv
6,"[183, 296, 779, 905]",snapshot_3,Present,01-08-2024 10:12,transformed_cam2.csv
7,"[193, 310, 952, 1089]",snapshot_3,Present,01-08-2024 10:12,transformed_cam2.csv
8,"[128, 178, 169, 276]",snapshot_3,Present,01-08-2024 10:12,transformed_cam2.csv
9,"[118, 175, 277, 361]",snapshot_3,Present,01-08-2024 10:12,transformed_cam2.csv
10,"[115, 178, 363, 471]",snapshot_3,Present,01-08-2024 10:12,transformed_cam2.csv
11,"[103, 170, 502, 592]",snapshot_3,Present,01-08-2024 10:12,transformed_cam2.csv
12,"[93, 171, 630, 727]",snapshot_3,Absent,01-08-2024 10:12,transformed_cam2.csv
13,"[106, 176, 780, 883]",snapshot_3,Absent,01-08-2024 10:12,transformed_cam2.csv
14,"[108, 176, 921, 1035]",snapshot_3,Present,01-08-2024 10:12,transformed_cam2.csv
15,"[52, 115, 283, 357]",snapshot_3,Present,01-08-2024 10:12,transformed_cam2.csv
16,"[62, 115, 364, 442]",snapshot_3,Absent,01-08-2024 10:12,transformed_cam2.csv
17,"[57, 104, 485, 574]",snapshot_3,Absent,01-08-2024 10:12,transformed_cam2.csv
18,"[53, 97, 621, 703]",snapshot_3,Present,01-08-2024 10:12,transformed_cam2.csv
19,"[44, 105, 721, 800]",snapshot_3,Absent,01-08-2024 10:12,transformed_cam2.csv
20,"[50, 100, 823, 912]",snapshot_3,Present,01-08-2024 10:12,transformed_cam2.csv
21,"[50, 105, 934, 1041]",snapshot_3,Present,01-08-2024 10:12,transformed_cam2.csv
22,"[24, 64, 379, 450]",snapshot_3,Present,01-08-2024 10:12,transformed_cam2.csv
23,"[14, 61, 467, 539]",snapshot_3,Absent,01-08-2024 10:12,transformed_cam2.csv
24,"[6, 53, 566, 638]",snapshot_3,Present,01-08-2024 10:12,transformed_cam2.csv
25,"[9, 50, 665, 728]",snapshot_3,Absent,01-08-2024 10:12,transformed_cam2.csv
26,"[1, 54, 757, 826]",snapshot_3,Absent,01-08-2024 10:12,transformed_cam2.csv
27,"[4, 60, 837, 926]",snapshot_3,Absent,01-08-2024 10:12,transformed_cam2.csv
28,"[14, 51, 947, 1025]",snapshot_3,Present,01-08-2024 10:12,transformed_cam2.csv
1,"[200, 282, 64, 173]",snapshot_4,Present,01-08-2024 10:18,transformed_cam2.csv
2,"[201, 286, 213, 309]",snapshot_4,Absent,01-08-2024 10:18,transformed_cam2.csv
3,"[189, 280, 332, 427]",snapshot_4,Absent,01-08-2024 10:18,transformed_cam2.csv
4,"[191, 293, 440, 561]",snapshot_4,Present,01-08-2024 10:18,transformed_cam2.csv
5,"[181, 292, 597, 725]",snapshot_4,Present,01-08-2024 10:18,transformed_cam2.csv
6,"[183, 296, 779, 905]",snapshot_4,Present,01-08-2024 10:18,transformed_cam2.csv
7,"[193, 310, 952, 1089]",snapshot_4,Present,01-08-2024 10:18,transformed_cam2.csv
8,"[128, 178, 169, 276]",snapshot_4,Present,01-08-2024 10:18,transformed_cam2.csv
9,"[118, 175, 277, 361]",snapshot_4,Present,01-08-2024 10:18,transformed_cam2.csv
10,"[115, 178, 363, 471]",snapshot_4,Present,01-08-2024 10:18,transformed_cam2.csv
11,"[103, 170, 502, 592]",snapshot_4,Present,01-08-2024 10:18,transformed_cam2.csv
12,"[93, 171, 630, 727]",snapshot_4,Present,01-08-2024 10:18,transformed_cam2.csv
13,"[106, 176, 780, 883]",snapshot_4,Present,01-08-2024 10:18,transformed_cam2.csv
14,"[108, 176, 921, 1035]",snapshot_4,Present,01-08-2024 10:18,transformed_cam2.csv
15,"[52, 115, 283, 357]",snapshot_4,Absent,01-08-2024 10:18,transformed_cam2.csv
16,"[62, 115, 364, 442]",snapshot_4,Present,01-08-2024 10:18,transformed_cam2.csv
17,"[57, 104, 485, 574]",snapshot_4,Absent,01-08-2024 10:18,transformed_cam2.csv
18,"[53, 97, 621, 703]",snapshot_4,Absent,01-08-2024 10:18,transformed_cam2.csv
19,"[44, 105, 721, 800]",snapshot_4,Absent,01-08-2024 10:18,transformed_cam2.csv
20,"[50, 100, 823, 912]",snapshot_4,Present,01-08-2024 10:18,transformed_cam2.csv
21,"[50, 105, 934, 1041]",snapshot_4,Absent,01-08-2024 10:18,transformed_cam2.csv
22,"[24, 64, 379, 450]",snapshot_4,Present,01-08-2024 10:18,transformed_cam2.csv
23,"[14, 61, 467, 539]",snapshot_4,Absent,01-08-2024 10:18,transformed_cam2.csv
24,"[6, 53, 566, 638]",snapshot_4,Absent,01-08-2024 10:18,transformed_cam2.csv
25,"[9, 50, 665, 728]",snapshot_4,Absent,01-08-2024 10:18,transformed_cam2.csv
26,"[1, 54, 757, 826]",snapshot_4,Absent,01-08-2024 10:18,transformed_cam2.csv
27,"[4, 60, 837, 926]",snapshot_4,Present,01-08-2024 10:18,transformed_cam2.csv
28,"[14, 51, 947, 1025]",snapshot_4,Absent,01-08-2024 10:18,transformed_cam2.csv
1,"[200, 282, 64, 173]",snapshot_5,Absent,01-08-2024 10:24,transformed_cam2.csv
2,"[201, 286, 213, 309]",snapshot_5,Absent,01-08-2024 10:24,transformed_cam2.csv
3,"[189, 280, 332, 427]",snapshot_5,Absent,01-08-2024 10:24,transformed_cam2.csv
4,"[191, 293, 440, 561]",snapshot_5,Absent,01-08-2024 10:24,transformed_cam2.csv
5,"[181, 292, 597, 725]",snapshot_5,Absent,01-08-2024 10:24,transformed_cam2.csv
6,"[183, 296, 779, 905]",snapshot_5,Present,01-08-2024 10:24,transformed_cam2.csv
7,"[193, 310, 952, 1089]",snapshot_5,Absent,01-08-2024 10:24,transformed_cam2.csv
8,"[128, 178, 169, 276]",snapshot_5,Absent,01-08-2024 10:24,transformed_cam2.csv
9,"[118, 175, 277, 361]",snapshot_5,Present,01-08-2024 10:24,transformed_cam2.csv
10,"[115, 178, 363, 471]",snapshot_5,Present,01-08-2024 10:24,transformed_cam2.csv
11,"[103, 170, 502, 592]",snapshot_5,Absent,01-08-2024 10:24,transformed_cam2.csv
12,"[93, 171, 630, 727]",snapshot_5,Absent,01-08-2024 10:24,transformed_cam2.csv
13,"[106, 176, 780, 883]",snapshot_5,Absent,01-08-2024 10:24,transformed_cam2.csv
14,"[108, 176, 921, 1035]",snapshot_5,Absent,01-08-2024 10:24,transformed_cam2.csv
15,"[52, 115, 283, 357]",snapshot_5,Absent,01-08-2024 10:24,transformed_cam2.csv
16,"[62, 115, 364, 442]",snapshot_5,Absent,01-08-2024 10:24,transformed_cam2.csv
17,"[57, 104, 485, 574]",snapshot_5,Absent,01-08-2024 10:24,transformed_cam2.csv
18,"[53, 97, 621, 703]",snapshot_5,Absent,01-08-2024 10:24,transformed_cam2.csv
19,"[44, 105, 721, 800]",snapshot_5,Absent,01-08-2024 10:24,transformed_cam2.csv
20,"[50, 100, 823, 912]",snapshot_5,Absent,01-08-2024 10:24,transformed_cam2.csv
21,"[50, 105, 934, 1041]",snapshot_5,Absent,01-08-2024 10:24,transformed_cam2.csv
22,"[24, 64, 379, 450]",snapshot_5,Absent,01-08-2024 10:24,transformed_cam2.csv
23,"[14, 61, 467, 539]",snapshot_5,Absent,01-08-2024 10:24,transformed_cam2.csv
24,"[6, 53, 566, 638]",snapshot_5,Present,01-08-2024 10:24,transformed_cam2.csv
25,"[9, 50, 665, 728]",snapshot_5,Absent,01-08-2024 10:24,transformed_cam2.csv
26,"[1, 54, 757, 826]",snapshot_5,Absent,01-08-2024 10:24,transformed_cam2.csv
27,"[4, 60, 837, 926]",snapshot_5,Absent,01-08-2024 10:24,transformed_cam2.csv
28,"[14, 51, 947, 1025]",snapshot_5,Absent,01-08-2024 10:24,transformed_cam2.csv
1,"[345, 494, 492, 677]",snapshot_1,Present,01-08-2024 09:53,transformed_cam3.csv
2,"[332, 496, 721, 951]",snapshot_1,Present,01-08-2024 09:53,transformed_cam3.csv
3,"[315, 448, 966, 1146]",snapshot_1,Present,01-08-2024 09:53,transformed_cam3.csv
4,"[300, 442, 1148, 1324]",snapshot_1,Present,01-08-2024 09:53,transformed_cam3.csv
5,"[182, 285, 510, 648]",snapshot_1,Present,01-08-2024 09:54,transformed_cam3.csv
6,"[172, 277, 660, 802]",snapshot_1,Present,01-08-2024 09:54,transformed_cam3.csv
7,"[152, 260, 839, 958]",snapshot_1,Present,01-08-2024 09:54,transformed_cam3.csv
8,"[142, 258, 986, 1114]",snapshot_1,Absent,01-08-2024 09:54,transformed_cam3.csv
9,"[144, 256, 1125, 1229]",snapshot_1,Present,01-08-2024 09:54,transformed_cam3.csv
10,"[156, 257, 1220, 1334]",snapshot_1,Present,01-08-2024 09:54,transformed_cam3.csv
11,"[56, 155, 505, 594]",snapshot_1,Present,01-08-2024 09:54,transformed_cam3.csv
12,"[50, 145, 619, 714]",snapshot_1,Present,01-08-2024 09:54,transformed_cam3.csv
13,"[69, 143, 734, 832]",snapshot_1,Present,01-08-2024 09:54,transformed_cam3.csv
14,"[65, 154, 836, 953]",snapshot_1,Present,01-08-2024 09:55,transformed_cam3.csv
15,"[58, 142, 982, 1078]",snapshot_1,Present,01-08-2024 09:55,transformed_cam3.csv
16,"[58, 144, 1098, 1184]",snapshot_1,Present,01-08-2024 09:55,transformed_cam3.csv
17,"[71, 153, 1200, 1299]",snapshot_1,Present,01-08-2024 09:55,transformed_cam3.csv
18,"[81, 157, 1319, 1399]",snapshot_1,Present,01-08-2024 09:55,transformed_cam3.csv
19,"[3, 56, 501, 595]",snapshot_1,Present,01-08-2024 09:55,transformed_cam3.csv
20,"[2, 56, 609, 697]",snapshot_1,Present,01-08-2024 09:55,transformed_cam3.csv
21,"[1, 61, 720, 804]",snapshot_1,Present,01-08-2024 09:55,transformed_cam3.csv
22,"[1, 56, 833, 912]",snapshot_1,Present,01-08-2024 09:55,transformed_cam3.csv
23,"[0, 58, 931, 1013]",snapshot_1,Absent,01-08-2024 09:55,transformed_cam3.csv
24,"[2, 60, 1029, 1109]",snapshot_1,Absent,01-08-2024 09:56,transformed_cam3.csv
25,"[1, 74, 1131, 1199]",snapshot_1,Present,01-08-2024 09:56,transformed_cam3.csv
26,"[21, 72, 1132, 1199]",snapshot_1,Present,01-08-2024 09:56,transformed_cam3.csv
27,"[21, 78, 1205, 1261]",snapshot_1,Present,01-08-2024 09:56,transformed_cam3.csv
28,"[36, 97, 1285, 1340]",snapshot_1,Absent,01-08-2024 09:56,transformed_cam3.csv
1,"[345, 494, 492, 677]",snapshot_2,Present,01-08-2024 10:06,transformed_cam3.csv
2,"[332, 496, 721, 951]",snapshot_2,Present,01-08-2024 10:06,transformed_cam3.csv
3,"[315, 448, 966, 1146]",snapshot_2,Present,01-08-2024 10:06,transformed_cam3.csv
4,"[300, 442, 1148, 1324]",snapshot_2,Present,01-08-2024 10:06,transformed_cam3.csv
5,"[182, 285, 510, 648]",snapshot_2,Present,01-08-2024 10:06,transformed_cam3.csv
6,"[172, 277, 660, 802]",snapshot_2,Present,01-08-2024 10:07,transformed_cam3.csv
7,"[152, 260, 839, 958]",snapshot_2,Present,01-08-2024 10:07,transformed_cam3.csv
8,"[142, 258, 986, 1114]",snapshot_2,Present,01-08-2024 10:07,transformed_cam3.csv
9,"[144, 256, 1125, 1229]",snapshot_2,Present,01-08-2024 10:07,transformed_cam3.csv
10,"[156, 257, 1220, 1334]",snapshot_2,Absent,01-08-2024 10:07,transformed_cam3.csv
11,"[56, 155, 505, 594]",snapshot_2,Absent,01-08-2024 10:07,transformed_cam3.csv
12,"[50, 145, 619, 714]",snapshot_2,Present,01-08-2024 10:07,transformed_cam3.csv
13,"[69, 143, 734, 832]",snapshot_2,Present,01-08-2024 10:07,transformed_cam3.csv
14,"[65, 154, 836, 953]",snapshot_2,Present,01-08-2024 10:07,transformed_cam3.csv
15,"[58, 142, 982, 1078]",snapshot_2,Present,01-08-2024 10:07,transformed_cam3.csv
16,"[58, 144, 1098, 1184]",snapshot_2,Present,01-08-2024 10:07,transformed_cam3.csv
17,"[71, 153, 1200, 1299]",snapshot_2,Present,01-08-2024 10:07,transformed_cam3.csv
18,"[81, 157, 1319, 1399]",snapshot_2,Present,01-08-2024 10:07,transformed_cam3.csv
19,"[3, 56, 501, 595]",snapshot_2,Present,01-08-2024 10:07,transformed_cam3.csv
20,"[2, 56, 609, 697]",snapshot_2,Present,01-08-2024 10:07,transformed_cam3.csv
21,"[1, 61, 720, 804]",snapshot_2,Present,01-08-2024 10:07,transformed_cam3.csv
22,"[1, 56, 833, 912]",snapshot_2,Present,01-08-2024 10:07,transformed_cam3.csv
23,"[0, 58, 931, 1013]",snapshot_2,Present,01-08-2024 10:07,transformed_cam3.csv
24,"[2, 60, 1029, 1109]",snapshot_2,Present,01-08-2024 10:07,transformed_cam3.csv
25,"[1, 74, 1131, 1199]",snapshot_2,Present,01-08-2024 10:07,transformed_cam3.csv
26,"[21, 72, 1132, 1199]",snapshot_2,Present,01-08-2024 10:07,transformed_cam3.csv
27,"[21, 78, 1205, 1261]",snapshot_2,Present,01-08-2024 10:07,transformed_cam3.csv
28,"[36, 97, 1285, 1340]",snapshot_2,Absent,01-08-2024 10:07,transformed_cam3.csv
1,"[345, 494, 492, 677]",snapshot_3,Present,01-08-2024 10:13,transformed_cam3.csv
2,"[332, 496, 721, 951]",snapshot_3,Present,01-08-2024 10:13,transformed_cam3.csv
3,"[315, 448, 966, 1146]",snapshot_3,Present,01-08-2024 10:13,transformed_cam3.csv
4,"[300, 442, 1148, 1324]",snapshot_3,Present,01-08-2024 10:13,transformed_cam3.csv
5,"[182, 285, 510, 648]",snapshot_3,Present,01-08-2024 10:13,transformed_cam3.csv
6,"[172, 277, 660, 802]",snapshot_3,Present,01-08-2024 10:13,transformed_cam3.csv
7,"[152, 260, 839, 958]",snapshot_3,Present,01-08-2024 10:13,transformed_cam3.csv
8,"[142, 258, 986, 1114]",snapshot_3,Present,01-08-2024 10:13,transformed_cam3.csv
9,"[144, 256, 1125, 1229]",snapshot_3,Present,01-08-2024 10:13,transformed_cam3.csv
10,"[156, 257, 1220, 1334]",snapshot_3,Present,01-08-2024 10:13,transformed_cam3.csv
11,"[56, 155, 505, 594]",snapshot_3,Present,01-08-2024 10:13,transformed_cam3.csv
12,"[50, 145, 619, 714]",snapshot_3,Present,01-08-2024 10:13,transformed_cam3.csv
13,"[69, 143, 734, 832]",snapshot_3,Present,01-08-2024 10:13,transformed_cam3.csv
14,"[65, 154, 836, 953]",snapshot_3,Present,01-08-2024 10:13,transformed_cam3.csv
15,"[58, 142, 982, 1078]",snapshot_3,Present,01-08-2024 10:13,transformed_cam3.csv
16,"[58, 144, 1098, 1184]",snapshot_3,Present,01-08-2024 10:13,transformed_cam3.csv
17,"[71, 153, 1200, 1299]",snapshot_3,Present,01-08-2024 10:13,transformed_cam3.csv
18,"[81, 157, 1319, 1399]",snapshot_3,Present,01-08-2024 10:13,transformed_cam3.csv
19,"[3, 56, 501, 595]",snapshot_3,Present,01-08-2024 10:13,transformed_cam3.csv
20,"[2, 56, 609, 697]",snapshot_3,Present,01-08-2024 10:13,transformed_cam3.csv
21,"[1, 61, 720, 804]",snapshot_3,Present,01-08-2024 10:13,transformed_cam3.csv
22,"[1, 56, 833, 912]",snapshot_3,Present,01-08-2024 10:13,transformed_cam3.csv
23,"[0, 58, 931, 1013]",snapshot_3,Present,01-08-2024 10:13,transformed_cam3.csv
24,"[2, 60, 1029, 1109]",snapshot_3,Present,01-08-2024 10:13,transformed_cam3.csv
25,"[1, 74, 1131, 1199]",snapshot_3,Present,01-08-2024 10:13,transformed_cam3.csv
26,"[21, 72, 1132, 1199]",snapshot_3,Present,01-08-2024 10:13,transformed_cam3.csv
27,"[21, 78, 1205, 1261]",snapshot_3,Absent,01-08-2024 10:13,transformed_cam3.csv
28,"[36, 97, 1285, 1340]",snapshot_3,Present,01-08-2024 10:13,transformed_cam3.csv
1,"[345, 494, 492, 677]",snapshot_4,Present,01-08-2024 10:19,transformed_cam3.csv
2,"[332, 496, 721, 951]",snapshot_4,Present,01-08-2024 10:19,transformed_cam3.csv
3,"[315, 448, 966, 1146]",snapshot_4,Present,01-08-2024 10:19,transformed_cam3.csv
4,"[300, 442, 1148, 1324]",snapshot_4,Present,01-08-2024 10:19,transformed_cam3.csv
5,"[182, 285, 510, 648]",snapshot_4,Present,01-08-2024 10:19,transformed_cam3.csv
6,"[172, 277, 660, 802]",snapshot_4,Present,01-08-2024 10:19,transformed_cam3.csv
7,"[152, 260, 839, 958]",snapshot_4,Present,01-08-2024 10:19,transformed_cam3.csv
8,"[142, 258, 986, 1114]",snapshot_4,Present,01-08-2024 10:19,transformed_cam3.csv
9,"[144, 256, 1125, 1229]",snapshot_4,Present,01-08-2024 10:19,transformed_cam3.csv
10,"[156, 257, 1220, 1334]",snapshot_4,Present,01-08-2024 10:19,transformed_cam3.csv
11,"[56, 155, 505, 594]",snapshot_4,Present,01-08-2024 10:19,transformed_cam3.csv
12,"[50, 145, 619, 714]",snapshot_4,Present,01-08-2024 10:19,transformed_cam3.csv
13,"[69, 143, 734, 832]",snapshot_4,Present,01-08-2024 10:19,transformed_cam3.csv
14,"[65, 154, 836, 953]",snapshot_4,Present,01-08-2024 10:19,transformed_cam3.csv
15,"[58, 142, 982, 1078]",snapshot_4,Present,01-08-2024 10:19,transformed_cam3.csv
16,"[58, 144, 1098, 1184]",snapshot_4,Present,01-08-2024 10:19,transformed_cam3.csv
17,"[71, 153, 1200, 1299]",snapshot_4,Present,01-08-2024 10:19,transformed_cam3.csv
18,"[81, 157, 1319, 1399]",snapshot_4,Present,01-08-2024 10:19,transformed_cam3.csv
19,"[3, 56, 501, 595]",snapshot_4,Absent,01-08-2024 10:19,transformed_cam3.csv
20,"[2, 56, 609, 697]",snapshot_4,Present,01-08-2024 10:19,transformed_cam3.csv
21,"[1, 61, 720, 804]",snapshot_4,Present,01-08-2024 10:19,transformed_cam3.csv
22,"[1, 56, 833, 912]",snapshot_4,Present,01-08-2024 10:19,transformed_cam3.csv
23,"[0, 58, 931, 1013]",snapshot_4,Present,01-08-2024 10:19,transformed_cam3.csv
24,"[2, 60, 1029, 1109]",snapshot_4,Present,01-08-2024 10:19,transformed_cam3.csv
25,"[1, 74, 1131, 1199]",snapshot_4,Present,01-08-2024 10:19,transformed_cam3.csv
26,"[21, 72, 1132, 1199]",snapshot_4,Present,01-08-2024 10:19,transformed_cam3.csv
27,"[21, 78, 1205, 1261]",snapshot_4,Present,01-08-2024 10:19,transformed_cam3.csv
28,"[36, 97, 1285, 1340]",snapshot_4,Present,01-08-2024 10:19,transformed_cam3.csv
1,"[345, 494, 492, 677]",snapshot_5,Absent,01-08-2024 10:25,transformed_cam3.csv
2,"[332, 496, 721, 951]",snapshot_5,Absent,01-08-2024 10:25,transformed_cam3.csv
3,"[315, 448, 966, 1146]",snapshot_5,Absent,01-08-2024 10:25,transformed_cam3.csv
4,"[300, 442, 1148, 1324]",snapshot_5,Absent,01-08-2024 10:25,transformed_cam3.csv
5,"[182, 285, 510, 648]",snapshot_5,Present,01-08-2024 10:25,transformed_cam3.csv
6,"[172, 277, 660, 802]",snapshot_5,Present,01-08-2024 10:25,transformed_cam3.csv
7,"[152, 260, 839, 958]",snapshot_5,Absent,01-08-2024 10:25,transformed_cam3.csv
8,"[142, 258, 986, 1114]",snapshot_5,Absent,01-08-2024 10:25,transformed_cam3.csv
9,"[144, 256, 1125, 1229]",snapshot_5,Absent,01-08-2024 10:25,transformed_cam3.csv
10,"[156, 257, 1220, 1334]",snapshot_5,Absent,01-08-2024 10:25,transformed_cam3.csv
11,"[56, 155, 505, 594]",snapshot_5,Absent,01-08-2024 10:25,transformed_cam3.csv
12,"[50, 145, 619, 714]",snapshot_5,Present,01-08-2024 10:25,transformed_cam3.csv
13,"[69, 143, 734, 832]",snapshot_5,Absent,01-08-2024 10:25,transformed_cam3.csv
14,"[65, 154, 836, 953]",snapshot_5,Absent,01-08-2024 10:25,transformed_cam3.csv
15,"[58, 142, 982, 1078]",snapshot_5,Present,01-08-2024 10:25,transformed_cam3.csv
16,"[58, 144, 1098, 1184]",snapshot_5,Absent,01-08-2024 10:25,transformed_cam3.csv
17,"[71, 153, 1200, 1299]",snapshot_5,Absent,01-08-2024 10:25,transformed_cam3.csv
18,"[81, 157, 1319, 1399]",snapshot_5,Present,01-08-2024 10:25,transformed_cam3.csv
19,"[3, 56, 501, 595]",snapshot_5,Absent,01-08-2024 10:25,transformed_cam3.csv
20,"[2, 56, 609, 697]",snapshot_5,Absent,01-08-2024 10:25,transformed_cam3.csv
21,"[1, 61, 720, 804]",snapshot_5,Present,01-08-2024 10:25,transformed_cam3.csv
22,"[1, 56, 833, 912]",snapshot_5,Absent,01-08-2024 10:25,transformed_cam3.csv
23,"[0, 58, 931, 1013]",snapshot_5,Absent,01-08-2024 10:25,transformed_cam3.csv
24,"[2, 60, 1029, 1109]",snapshot_5,Absent,01-08-2024 10:25,transformed_cam3.csv
25,"[1, 74, 1131, 1199]",snapshot_5,Absent,01-08-2024 10:25,transformed_cam3.csv
26,"[21, 72, 1132, 1199]",snapshot_5,Absent,01-08-2024 10:25,transformed_cam3.csv
27,"[21, 78, 1205, 1261]",snapshot_5,Absent,01-08-2024 10:25,transformed_cam3.csv
28,"[36, 97, 1285, 1340]",snapshot_5,Absent,01-08-2024 10:25,transformed_cam3.csv
1,"[289, 404, 197, 347]",snapshot_1,Present,01-08-2024 09:56,transformed_cam4.csv
2,"[298, 405, 386, 525]",snapshot_1,Present,01-08-2024 09:56,transformed_cam4.csv
3,"[270, 374, 599, 738]",snapshot_1,Present,01-08-2024 09:56,transformed_cam4.csv
4,"[278, 384, 768, 951]",snapshot_1,Present,01-08-2024 09:56,transformed_cam4.csv
5,"[253, 366, 978, 1106]",snapshot_1,Present,01-08-2024 09:57,transformed_cam4.csv
6,"[255, 355, 1117, 1238]",snapshot_1,Present,01-08-2024 09:57,transformed_cam4.csv
7,"[248, 351, 1278, 1378]",snapshot_1,Present,01-08-2024 09:57,transformed_cam4.csv
8,"[255, 349, 1387, 1483]",snapshot_1,Present,01-08-2024 09:57,transformed_cam4.csv
9,"[261, 339, 1489, 1589]",snapshot_1,Present,01-08-2024 09:57,transformed_cam4.csv
10,"[269, 329, 1565, 1661]",snapshot_1,Present,01-08-2024 09:57,transformed_cam4.csv
11,"[245, 302, 67, 149]",snapshot_1,Present,01-08-2024 09:57,transformed_cam4.csv
12,"[223, 289, 168, 266]",snapshot_1,Absent,01-08-2024 09:57,transformed_cam4.csv
13,"[210, 280, 293, 408]",snapshot_1,Present,01-08-2024 09:57,transformed_cam4.csv
14,"[199, 266, 472, 587]",snapshot_1,Present,01-08-2024 09:57,transformed_cam4.csv
15,"[182, 249, 601, 750]",snapshot_1,Present,01-08-2024 09:57,transformed_cam4.csv
16,"[183, 252, 773, 894]",snapshot_1,Absent,01-08-2024 09:57,transformed_cam4.csv
17,"[172, 246, 925, 1021]",snapshot_1,Absent,01-08-2024 09:58,transformed_cam4.csv
18,"[175, 242, 1048, 1161]",snapshot_1,Present,01-08-2024 09:58,transformed_cam4.csv
19,"[188, 240, 1211, 1321]",snapshot_1,Present,01-08-2024 09:58,transformed_cam4.csv
20,"[183, 247, 1334, 1421]",snapshot_1,Present,01-08-2024 09:58,transformed_cam4.csv
21,"[194, 246, 1430, 1517]",snapshot_1,Present,01-08-2024 09:58,transformed_cam4.csv
22,"[163, 203, 258, 351]",snapshot_1,Present,01-08-2024 09:58,transformed_cam4.csv
23,"[143, 205, 379, 483]",snapshot_1,Absent,01-08-2024 09:58,transformed_cam4.csv
24,"[131, 193, 490, 577]",snapshot_1,Absent,01-08-2024 09:58,transformed_cam4.csv
25,"[121, 181, 607, 702]",snapshot_1,Present,01-08-2024 09:58,transformed_cam4.csv
26,"[129, 188, 726, 812]",snapshot_1,Absent,01-08-2024 09:58,transformed_cam4.csv
27,"[123, 175, 825, 930]",snapshot_1,Present,01-08-2024 09:58,transformed_cam4.csv
28,"[118, 178, 942, 1040]",snapshot_1,Present,01-08-2024 09:58,transformed_cam4.csv
29,"[121, 168, 1069, 1147]",snapshot_1,Present,01-08-2024 09:58,transformed_cam4.csv
30,"[115, 177, 1164, 1252]",snapshot_1,Absent,01-08-2024 09:58,transformed_cam4.csv
31,"[114, 154, 340, 404]",snapshot_1,Absent,01-08-2024 09:58,transformed_cam4.csv
32,"[105, 146, 424, 503]",snapshot_1,Present,01-08-2024 09:58,transformed_cam4.csv
33,"[91, 138, 544, 633]",snapshot_1,Present,01-08-2024 09:58,transformed_cam4.csv
34,"[84, 132, 668, 752]",snapshot_1,Present,01-08-2024 09:58,transformed_cam4.csv
35,"[80, 132, 782, 853]",snapshot_1,Present,01-08-2024 09:59,transformed_cam4.csv
36,"[83, 131, 901, 963]",snapshot_1,Present,01-08-2024 09:59,transformed_cam4.csv
37,"[87, 130, 999, 1072]",snapshot_1,Present,01-08-2024 09:59,transformed_cam4.csv
38,"[119, 167, 256, 330]",snapshot_1,Absent,01-08-2024 09:59,transformed_cam4.csv
1,"[289, 404, 197, 347]",snapshot_2,Present,01-08-2024 10:08,transformed_cam4.csv
2,"[298, 405, 386, 525]",snapshot_2,Present,01-08-2024 10:08,transformed_cam4.csv
3,"[270, 374, 599, 738]",snapshot_2,Present,01-08-2024 10:08,transformed_cam4.csv
4,"[278, 384, 768, 951]",snapshot_2,Present,01-08-2024 10:08,transformed_cam4.csv
5,"[253, 366, 978, 1106]",snapshot_2,Present,01-08-2024 10:08,transformed_cam4.csv
6,"[255, 355, 1117, 1238]",snapshot_2,Present,01-08-2024 10:08,transformed_cam4.csv
7,"[248, 351, 1278, 1378]",snapshot_2,Present,01-08-2024 10:08,transformed_cam4.csv
8,"[255, 349, 1387, 1483]",snapshot_2,Present,01-08-2024 10:08,transformed_cam4.csv
9,"[261, 339, 1489, 1589]",snapshot_2,Present,01-08-2024 10:08,transformed_cam4.csv
10,"[269, 329, 1565, 1661]",snapshot_2,Present,01-08-2024 10:08,transformed_cam4.csv
11,"[245, 302, 67, 149]",snapshot_2,Present,01-08-2024 10:08,transformed_cam4.csv
12,"[223, 289, 168, 266]",snapshot_2,Absent,01-08-2024 10:08,transformed_cam4.csv
13,"[210, 280, 293, 408]",snapshot_2,Present,01-08-2024 10:08,transformed_cam4.csv
14,"[199, 266, 472, 587]",snapshot_2,Present,01-08-2024 10:08,transformed_cam4.csv
15,"[182, 249, 601, 750]",snapshot_2,Present,01-08-2024 10:08,transformed_cam4.csv
16,"[183, 252, 773, 894]",snapshot_2,Present,01-08-2024 10:08,transformed_cam4.csv
17,"[172, 246, 925, 1021]",snapshot_2,Absent,01-08-2024 10:08,transformed_cam4.csv
18,"[175, 242, 1048, 1161]",snapshot_2,Present,01-08-2024 10:08,transformed_cam4.csv
19,"[188, 240, 1211, 1321]",snapshot_2,Absent,01-08-2024 10:08,transformed_cam4.csv
20,"[183, 247, 1334, 1421]",snapshot_2,Present,01-08-2024 10:08,transformed_cam4.csv
21,"[194, 246, 1430, 1517]",snapshot_2,Present,01-08-2024 10:08,transformed_cam4.csv
22,"[163, 203, 258, 351]",snapshot_2,Absent,01-08-2024 10:08,transformed_cam4.csv
23,"[143, 205, 379, 483]",snapshot_2,Present,01-08-2024 10:08,transformed_cam4.csv
24,"[131, 193, 490, 577]",snapshot_2,Absent,01-08-2024 10:08,transformed_cam4.csv
25,"[121, 181, 607, 702]",snapshot_2,Present,01-08-2024 10:08,transformed_cam4.csv
26,"[129, 188, 726, 812]",snapshot_2,Present,01-08-2024 10:08,transformed_cam4.csv
27,"[123, 175, 825, 930]",snapshot_2,Present,01-08-2024 10:08,transformed_cam4.csv
28,"[118, 178, 942, 1040]",snapshot_2,Present,01-08-2024 10:08,transformed_cam4.csv
29,"[121, 168, 1069, 1147]",snapshot_2,Present,01-08-2024 10:08,transformed_cam4.csv
30,"[115, 177, 1164, 1252]",snapshot_2,Present,01-08-2024 10:08,transformed_cam4.csv
31,"[114, 154, 340, 404]",snapshot_2,Absent,01-08-2024 10:08,transformed_cam4.csv
32,"[105, 146, 424, 503]",snapshot_2,Absent,01-08-2024 10:08,transformed_cam4.csv
33,"[91, 138, 544, 633]",snapshot_2,Absent,01-08-2024 10:08,transformed_cam4.csv
34,"[84, 132, 668, 752]",snapshot_2,Absent,01-08-2024 10:08,transformed_cam4.csv
35,"[80, 132, 782, 853]",snapshot_2,Present,01-08-2024 10:08,transformed_cam4.csv
36,"[83, 131, 901, 963]",snapshot_2,Present,01-08-2024 10:08,transformed_cam4.csv
37,"[87, 130, 999, 1072]",snapshot_2,Absent,01-08-2024 10:09,transformed_cam4.csv
38,"[119, 167, 256, 330]",snapshot_2,Absent,01-08-2024 10:09,transformed_cam4.csv
1,"[289, 404, 197, 347]",snapshot_3,Present,01-08-2024 10:14,transformed_cam4.csv
2,"[298, 405, 386, 525]",snapshot_3,Present,01-08-2024 10:14,transformed_cam4.csv
3,"[270, 374, 599, 738]",snapshot_3,Present,01-08-2024 10:14,transformed_cam4.csv
4,"[278, 384, 768, 951]",snapshot_3,Present,01-08-2024 10:14,transformed_cam4.csv
5,"[253, 366, 978, 1106]",snapshot_3,Present,01-08-2024 10:14,transformed_cam4.csv
6,"[255, 355, 1117, 1238]",snapshot_3,Present,01-08-2024 10:14,transformed_cam4.csv
7,"[248, 351, 1278, 1378]",snapshot_3,Present,01-08-2024 10:14,transformed_cam4.csv
8,"[255, 349, 1387, 1483]",snapshot_3,Present,01-08-2024 10:14,transformed_cam4.csv
9,"[261, 339, 1489, 1589]",snapshot_3,Absent,01-08-2024 10:14,transformed_cam4.csv
10,"[269, 329, 1565, 1661]",snapshot_3,Absent,01-08-2024 10:14,transformed_cam4.csv
11,"[245, 302, 67, 149]",snapshot_3,Absent,01-08-2024 10:14,transformed_cam4.csv
12,"[223, 289, 168, 266]",snapshot_3,Present,01-08-2024 10:14,transformed_cam4.csv
13,"[210, 280, 293, 408]",snapshot_3,Present,01-08-2024 10:14,transformed_cam4.csv
14,"[199, 266, 472, 587]",snapshot_3,Present,01-08-2024 10:14,transformed_cam4.csv
15,"[182, 249, 601, 750]",snapshot_3,Present,01-08-2024 10:14,transformed_cam4.csv
16,"[183, 252, 773, 894]",snapshot_3,Absent,01-08-2024 10:14,transformed_cam4.csv
17,"[172, 246, 925, 1021]",snapshot_3,Absent,01-08-2024 10:14,transformed_cam4.csv
18,"[175, 242, 1048, 1161]",snapshot_3,Present,01-08-2024 10:14,transformed_cam4.csv
19,"[188, 240, 1211, 1321]",snapshot_3,Present,01-08-2024 10:14,transformed_cam4.csv
20,"[183, 247, 1334, 1421]",snapshot_3,Present,01-08-2024 10:14,transformed_cam4.csv
21,"[194, 246, 1430, 1517]",snapshot_3,Present,01-08-2024 10:14,transformed_cam4.csv
22,"[163, 203, 258, 351]",snapshot_3,Absent,01-08-2024 10:14,transformed_cam4.csv
23,"[143, 205, 379, 483]",snapshot_3,Present,01-08-2024 10:14,transformed_cam4.csv
24,"[131, 193, 490, 577]",snapshot_3,Absent,01-08-2024 10:14,transformed_cam4.csv
25,"[121, 181, 607, 702]",snapshot_3,Present,01-08-2024 10:14,transformed_cam4.csv
26,"[129, 188, 726, 812]",snapshot_3,Present,01-08-2024 10:14,transformed_cam4.csv
27,"[123, 175, 825, 930]",snapshot_3,Present,01-08-2024 10:14,transformed_cam4.csv
28,"[118, 178, 942, 1040]",snapshot_3,Absent,01-08-2024 10:14,transformed_cam4.csv
29,"[121, 168, 1069, 1147]",snapshot_3,Present,01-08-2024 10:14,transformed_cam4.csv
30,"[115, 177, 1164, 1252]",snapshot_3,Present,01-08-2024 10:14,transformed_cam4.csv
31,"[114, 154, 340, 404]",snapshot_3,Absent,01-08-2024 10:14,transformed_cam4.csv
32,"[105, 146, 424, 503]",snapshot_3,Present,01-08-2024 10:14,transformed_cam4.csv
33,"[91, 138, 544, 633]",snapshot_3,Present,01-08-2024 10:14,transformed_cam4.csv
34,"[84, 132, 668, 752]",snapshot_3,Absent,01-08-2024 10:14,transformed_cam4.csv
35,"[80, 132, 782, 853]",snapshot_3,Present,01-08-2024 10:14,transformed_cam4.csv
36,"[83, 131, 901, 963]",snapshot_3,Absent,01-08-2024 10:14,transformed_cam4.csv
37,"[87, 130, 999, 1072]",snapshot_3,Present,01-08-2024 10:15,transformed_cam4.csv
38,"[119, 167, 256, 330]",snapshot_3,Absent,01-08-2024 10:15,transformed_cam4.csv
1,"[289, 404, 197, 347]",snapshot_4,Present,01-08-2024 10:20,transformed_cam4.csv
2,"[298, 405, 386, 525]",snapshot_4,Present,01-08-2024 10:20,transformed_cam4.csv
3,"[270, 374, 599, 738]",snapshot_4,Present,01-08-2024 10:20,transformed_cam4.csv
4,"[278, 384, 768, 951]",snapshot_4,Present,01-08-2024 10:20,transformed_cam4.csv
5,"[253, 366, 978, 1106]",snapshot_4,Present,01-08-2024 10:20,transformed_cam4.csv
6,"[255, 355, 1117, 1238]",snapshot_4,Present,01-08-2024 10:20,transformed_cam4.csv
7,"[248, 351, 1278, 1378]",snapshot_4,Absent,01-08-2024 10:20,transformed_cam4.csv
8,"[255, 349, 1387, 1483]",snapshot_4,Present,01-08-2024 10:20,transformed_cam4.csv
9,"[261, 339, 1489, 1589]",snapshot_4,Present,01-08-2024 10:20,transformed_cam4.csv
10,"[269, 329, 1565, 1661]",snapshot_4,Present,01-08-2024 10:20,transformed_cam4.csv
11,"[245, 302, 67, 149]",snapshot_4,Absent,01-08-2024 10:20,transformed_cam4.csv
12,"[223, 289, 168, 266]",snapshot_4,Present,01-08-2024 10:20,transformed_cam4.csv
13,"[210, 280, 293, 408]",snapshot_4,Present,01-08-2024 10:20,transformed_cam4.csv
14,"[199, 266, 472, 587]",snapshot_4,Present,01-08-2024 10:20,transformed_cam4.csv
15,"[182, 249, 601, 750]",snapshot_4,Present,01-08-2024 10:20,transformed_cam4.csv
16,"[183, 252, 773, 894]",snapshot_4,Present,01-08-2024 10:20,transformed_cam4.csv
17,"[172, 246, 925, 1021]",snapshot_4,Present,01-08-2024 10:20,transformed_cam4.csv
18,"[175, 242, 1048, 1161]",snapshot_4,Present,01-08-2024 10:20,transformed_cam4.csv
19,"[188, 240, 1211, 1321]",snapshot_4,Present,01-08-2024 10:20,transformed_cam4.csv
20,"[183, 247, 1334, 1421]",snapshot_4,Present,01-08-2024 10:20,transformed_cam4.csv
21,"[194, 246, 1430, 1517]",snapshot_4,Present,01-08-2024 10:20,transformed_cam4.csv
22,"[163, 203, 258, 351]",snapshot_4,Present,01-08-2024 10:20,transformed_cam4.csv
23,"[143, 205, 379, 483]",snapshot_4,Absent,01-08-2024 10:20,transformed_cam4.csv
24,"[131, 193, 490, 577]",snapshot_4,Absent,01-08-2024 10:20,transformed_cam4.csv
25,"[121, 181, 607, 702]",snapshot_4,Absent,01-08-2024 10:20,transformed_cam4.csv
26,"[129, 188, 726, 812]",snapshot_4,Present,01-08-2024 10:20,transformed_cam4.csv
27,"[123, 175, 825, 930]",snapshot_4,Present,01-08-2024 10:20,transformed_cam4.csv
28,"[118, 178, 942, 1040]",snapshot_4,Absent,01-08-2024 10:20,transformed_cam4.csv
29,"[121, 168, 1069, 1147]",snapshot_4,Present,01-08-2024 10:20,transformed_cam4.csv
30,"[115, 177, 1164, 1252]",snapshot_4,Present,01-08-2024 10:20,transformed_cam4.csv
31,"[114, 154, 340, 404]",snapshot_4,Absent,01-08-2024 10:20,transformed_cam4.csv
32,"[105, 146, 424, 503]",snapshot_4,Present,01-08-2024 10:20,transformed_cam4.csv
33,"[91, 138, 544, 633]",snapshot_4,Absent,01-08-2024 10:20,transformed_cam4.csv
34,"[84, 132, 668, 752]",snapshot_4,Absent,01-08-2024 10:20,transformed_cam4.csv
35,"[80, 132, 782, 853]",snapshot_4,Absent,01-08-2024 10:20,transformed_cam4.csv
36,"[83, 131, 901, 963]",snapshot_4,Absent,01-08-2024 10:21,transformed_cam4.csv
37,"[87, 130, 999, 1072]",snapshot_4,Absent,01-08-2024 10:21,transformed_cam4.csv
38,"[119, 167, 256, 330]",snapshot_4,Absent,01-08-2024 10:21,transformed_cam4.csv
1,"[289, 404, 197, 347]",snapshot_5,Absent,01-08-2024 10:26,transformed_cam4.csv
2,"[298, 405, 386, 525]",snapshot_5,Absent,01-08-2024 10:26,transformed_cam4.csv
3,"[270, 374, 599, 738]",snapshot_5,Present,01-08-2024 10:26,transformed_cam4.csv
4,"[278, 384, 768, 951]",snapshot_5,Present,01-08-2024 10:26,transformed_cam4.csv
5,"[253, 366, 978, 1106]",snapshot_5,Absent,01-08-2024 10:26,transformed_cam4.csv
6,"[255, 355, 1117, 1238]",snapshot_5,Absent,01-08-2024 10:26,transformed_cam4.csv
7,"[248, 351, 1278, 1378]",snapshot_5,Present,01-08-2024 10:26,transformed_cam4.csv
8,"[255, 349, 1387, 1483]",snapshot_5,Absent,01-08-2024 10:26,transformed_cam4.csv
9,"[261, 339, 1489, 1589]",snapshot_5,Absent,01-08-2024 10:26,transformed_cam4.csv
10,"[269, 329, 1565, 1661]",snapshot_5,Present,01-08-2024 10:26,transformed_cam4.csv
11,"[245, 302, 67, 149]",snapshot_5,Absent,01-08-2024 10:26,transformed_cam4.csv
12,"[223, 289, 168, 266]",snapshot_5,Present,01-08-2024 10:26,transformed_cam4.csv
13,"[210, 280, 293, 408]",snapshot_5,Present,01-08-2024 10:26,transformed_cam4.csv
14,"[199, 266, 472, 587]",snapshot_5,Absent,01-08-2024 10:26,transformed_cam4.csv
15,"[182, 249, 601, 750]",snapshot_5,Present,01-08-2024 10:26,transformed_cam4.csv
16,"[183, 252, 773, 894]",snapshot_5,Present,01-08-2024 10:26,transformed_cam4.csv
17,"[172, 246, 925, 1021]",snapshot_5,Present,01-08-2024 10:26,transformed_cam4.csv
18,"[175, 242, 1048, 1161]",snapshot_5,Absent,01-08-2024 10:26,transformed_cam4.csv
19,"[188, 240, 1211, 1321]",snapshot_5,Present,01-08-2024 10:26,transformed_cam4.csv
20,"[183, 247, 1334, 1421]",snapshot_5,Present,01-08-2024 10:26,transformed_cam4.csv
21,"[194, 246, 1430, 1517]",snapshot_5,Absent,01-08-2024 10:26,transformed_cam4.csv
22,"[163, 203, 258, 351]",snapshot_5,Present,01-08-2024 10:26,transformed_cam4.csv
23,"[143, 205, 379, 483]",snapshot_5,Present,01-08-2024 10:26,transformed_cam4.csv
24,"[131, 193, 490, 577]",snapshot_5,Absent,01-08-2024 10:26,transformed_cam4.csv
25,"[121, 181, 607, 702]",snapshot_5,Absent,01-08-2024 10:26,transformed_cam4.csv
26,"[129, 188, 726, 812]",snapshot_5,Absent,01-08-2024 10:26,transformed_cam4.csv
27,"[123, 175, 825, 930]",snapshot_5,Present,01-08-2024 10:26,transformed_cam4.csv
28,"[118, 178, 942, 1040]",snapshot_5,Absent,01-08-2024 10:26,transformed_cam4.csv
29,"[121, 168, 1069, 1147]",snapshot_5,Absent,01-08-2024 10:26,transformed_cam4.csv
30,"[115, 177, 1164, 1252]",snapshot_5,Absent,01-08-2024 10:26,transformed_cam4.csv
31,"[114, 154, 340, 404]",snapshot_5,Absent,01-08-2024 10:26,transformed_cam4.csv
32,"[105, 146, 424, 503]",snapshot_5,Absent,01-08-2024 10:26,transformed_cam4.csv
33,"[91, 138, 544, 633]",snapshot_5,Absent,01-08-2024 10:26,transformed_cam4.csv
34,"[84, 132, 668, 752]",snapshot_5,Absent,01-08-2024 10:26,transformed_cam4.csv
35,"[80, 132, 782, 853]",snapshot_5,Absent,01-08-2024 10:26,transformed_cam4.csv
36,"[83, 131, 901, 963]",snapshot_5,Absent,01-08-2024 10:27,transformed_cam4.csv
37,"[87, 130, 999, 1072]",snapshot_5,Absent,01-08-2024 10:27,transformed_cam4.csv
38,"[119, 167, 256, 330]",snapshot_5,Absent,01-08-2024 10:27,transformed_cam4.csv
1,"[356, 458, 146, 264]",snapshot_1,Present,01-08-2024 09:59,transformed_cam5.csv
2,"[355, 475, 261, 345]",snapshot_1,Present,01-08-2024 09:59,transformed_cam5.csv
3,"[389, 513, 364, 472]",snapshot_1,Absent,01-08-2024 09:59,transformed_cam5.csv
4,"[405, 561, 527, 692]",snapshot_1,Absent,01-08-2024 09:59,transformed_cam5.csv
5,"[399, 584, 737, 892]",snapshot_1,Present,01-08-2024 09:59,transformed_cam5.csv
6,"[404, 607, 1001, 1201]",snapshot_1,Present,01-08-2024 09:59,transformed_cam5.csv
7,"[429, 618, 1245, 1456]",snapshot_1,Present,01-08-2024 10:00,transformed_cam5.csv
8,"[270, 346, 271, 347]",snapshot_1,Absent,01-08-2024 10:00,transformed_cam5.csv
9,"[270, 353, 401, 535]",snapshot_1,Present,01-08-2024 10:00,transformed_cam5.csv
10,"[233, 334, 542, 673]",snapshot_1,Present,01-08-2024 10:00,transformed_cam5.csv
11,"[235, 343, 685, 834]",snapshot_1,Present,01-08-2024 10:00,transformed_cam5.csv
12,"[239, 349, 874, 1014]",snapshot_1,Present,01-08-2024 10:00,transformed_cam5.csv
13,"[238, 355, 1065, 1223]",snapshot_1,Present,01-08-2024 10:00,transformed_cam5.csv
14,"[219, 377, 1286, 1455]",snapshot_1,Present,01-08-2024 10:00,transformed_cam5.csv
15,"[179, 239, 454, 560]",snapshot_1,Absent,01-08-2024 10:00,transformed_cam5.csv
16,"[161, 230, 566, 657]",snapshot_1,Absent,01-08-2024 10:00,transformed_cam5.csv
17,"[158, 222, 663, 785]",snapshot_1,Present,01-08-2024 10:00,transformed_cam5.csv
18,"[143, 217, 814, 940]",snapshot_1,Absent,01-08-2024 10:01,transformed_cam5.csv
19,"[127, 214, 955, 1073]",snapshot_1,Present,01-08-2024 10:01,transformed_cam5.csv
20,"[141, 228, 1109, 1243]",snapshot_1,Present,01-08-2024 10:01,transformed_cam5.csv
21,"[138, 218, 1286, 1407]",snapshot_1,Present,01-08-2024 10:01,transformed_cam5.csv
22,"[120, 161, 566, 655]",snapshot_1,Absent,01-08-2024 10:01,transformed_cam5.csv
23,"[108, 161, 655, 761]",snapshot_1,Present,01-08-2024 10:01,transformed_cam5.csv
24,"[86, 141, 767, 863]",snapshot_1,Present,01-08-2024 10:01,transformed_cam5.csv
25,"[81, 137, 874, 963]",snapshot_1,Absent,01-08-2024 10:01,transformed_cam5.csv
26,"[74, 141, 1015, 1113]",snapshot_1,Present,01-08-2024 10:01,transformed_cam5.csv
27,"[69, 136, 1139, 1231]",snapshot_1,Absent,01-08-2024 10:01,transformed_cam5.csv
28,"[87, 138, 1267, 1373]",snapshot_1,Present,01-08-2024 10:01,transformed_cam5.csv
1,"[356, 458, 146, 264]",snapshot_2,Present,01-08-2024 10:09,transformed_cam5.csv
2,"[355, 475, 261, 345]",snapshot_2,Present,01-08-2024 10:09,transformed_cam5.csv
3,"[389, 513, 364, 472]",snapshot_2,Absent,01-08-2024 10:09,transformed_cam5.csv
4,"[405, 561, 527, 692]",snapshot_2,Present,01-08-2024 10:09,transformed_cam5.csv
5,"[399, 584, 737, 892]",snapshot_2,Present,01-08-2024 10:09,transformed_cam5.csv
6,"[404, 607, 1001, 1201]",snapshot_2,Present,01-08-2024 10:09,transformed_cam5.csv
7,"[429, 618, 1245, 1456]",snapshot_2,Present,01-08-2024 10:09,transformed_cam5.csv
8,"[270, 346, 271, 347]",snapshot_2,Absent,01-08-2024 10:09,transformed_cam5.csv
9,"[270, 353, 401, 535]",snapshot_2,Absent,01-08-2024 10:09,transformed_cam5.csv
10,"[233, 334, 542, 673]",snapshot_2,Present,01-08-2024 10:09,transformed_cam5.csv
11,"[235, 343, 685, 834]",snapshot_2,Present,01-08-2024 10:09,transformed_cam5.csv
12,"[239, 349, 874, 1014]",snapshot_2,Present,01-08-2024 10:09,transformed_cam5.csv
13,"[238, 355, 1065, 1223]",snapshot_2,Present,01-08-2024 10:09,transformed_cam5.csv
14,"[219, 377, 1286, 1455]",snapshot_2,Absent,01-08-2024 10:09,transformed_cam5.csv
15,"[179, 239, 454, 560]",snapshot_2,Present,01-08-2024 10:09,transformed_cam5.csv
16,"[161, 230, 566, 657]",snapshot_2,Present,01-08-2024 10:09,transformed_cam5.csv
17,"[158, 222, 663, 785]",snapshot_2,Absent,01-08-2024 10:09,transformed_cam5.csv
18,"[143, 217, 814, 940]",snapshot_2,Absent,01-08-2024 10:09,transformed_cam5.csv
19,"[127, 214, 955, 1073]",snapshot_2,Present,01-08-2024 10:09,transformed_cam5.csv
20,"[141, 228, 1109, 1243]",snapshot_2,Present,01-08-2024 10:09,transformed_cam5.csv
21,"[138, 218, 1286, 1407]",snapshot_2,Present,01-08-2024 10:09,transformed_cam5.csv
22,"[120, 161, 566, 655]",snapshot_2,Present,01-08-2024 10:09,transformed_cam5.csv
23,"[108, 161, 655, 761]",snapshot_2,Absent,01-08-2024 10:09,transformed_cam5.csv
24,"[86, 141, 767, 863]",snapshot_2,Present,01-08-2024 10:09,transformed_cam5.csv
25,"[81, 137, 874, 963]",snapshot_2,Present,01-08-2024 10:09,transformed_cam5.csv
26,"[74, 141, 1015, 1113]",snapshot_2,Present,01-08-2024 10:09,transformed_cam5.csv
27,"[69, 136, 1139, 1231]",snapshot_2,Absent,01-08-2024 10:09,transformed_cam5.csv
28,"[87, 138, 1267, 1373]",snapshot_2,Present,01-08-2024 10:09,transformed_cam5.csv
1,"[356, 458, 146, 264]",snapshot_3,Present,01-08-2024 10:15,transformed_cam5.csv
2,"[355, 475, 261, 345]",snapshot_3,Present,01-08-2024 10:15,transformed_cam5.csv
3,"[389, 513, 364, 472]",snapshot_3,Present,01-08-2024 10:15,transformed_cam5.csv
4,"[405, 561, 527, 692]",snapshot_3,Present,01-08-2024 10:15,transformed_cam5.csv
5,"[399, 584, 737, 892]",snapshot_3,Present,01-08-2024 10:15,transformed_cam5.csv
6,"[404, 607, 1001, 1201]",snapshot_3,Present,01-08-2024 10:15,transformed_cam5.csv
7,"[429, 618, 1245, 1456]",snapshot_3,Present,01-08-2024 10:15,transformed_cam5.csv
8,"[270, 346, 271, 347]",snapshot_3,Absent,01-08-2024 10:15,transformed_cam5.csv
9,"[270, 353, 401, 535]",snapshot_3,Present,01-08-2024 10:15,transformed_cam5.csv
10,"[233, 334, 542, 673]",snapshot_3,Present,01-08-2024 10:15,transformed_cam5.csv
11,"[235, 343, 685, 834]",snapshot_3,Present,01-08-2024 10:15,transformed_cam5.csv
12,"[239, 349, 874, 1014]",snapshot_3,Present,01-08-2024 10:15,transformed_cam5.csv
13,"[238, 355, 1065, 1223]",snapshot_3,Present,01-08-2024 10:15,transformed_cam5.csv
14,"[219, 377, 1286, 1455]",snapshot_3,Present,01-08-2024 10:15,transformed_cam5.csv
15,"[179, 239, 454, 560]",snapshot_3,Present,01-08-2024 10:15,transformed_cam5.csv
16,"[161, 230, 566, 657]",snapshot_3,Present,01-08-2024 10:15,transformed_cam5.csv
17,"[158, 222, 663, 785]",snapshot_3,Present,01-08-2024 10:15,transformed_cam5.csv
18,"[143, 217, 814, 940]",snapshot_3,Present,01-08-2024 10:15,transformed_cam5.csv
19,"[127, 214, 955, 1073]",snapshot_3,Present,01-08-2024 10:15,transformed_cam5.csv
20,"[141, 228, 1109, 1243]",snapshot_3,Present,01-08-2024 10:15,transformed_cam5.csv
21,"[138, 218, 1286, 1407]",snapshot_3,Present,01-08-2024 10:15,transformed_cam5.csv
22,"[120, 161, 566, 655]",snapshot_3,Present,01-08-2024 10:15,transformed_cam5.csv
23,"[108, 161, 655, 761]",snapshot_3,Present,01-08-2024 10:15,transformed_cam5.csv
24,"[86, 141, 767, 863]",snapshot_3,Present,01-08-2024 10:15,transformed_cam5.csv
25,"[81, 137, 874, 963]",snapshot_3,Absent,01-08-2024 10:15,transformed_cam5.csv
26,"[74, 141, 1015, 1113]",snapshot_3,Absent,01-08-2024 10:15,transformed_cam5.csv
27,"[69, 136, 1139, 1231]",snapshot_3,Present,01-08-2024 10:15,transformed_cam5.csv
28,"[87, 138, 1267, 1373]",snapshot_3,Present,01-08-2024 10:15,transformed_cam5.csv
1,"[356, 458, 146, 264]",snapshot_4,Absent,01-08-2024 10:21,transformed_cam5.csv
2,"[355, 475, 261, 345]",snapshot_4,Absent,01-08-2024 10:21,transformed_cam5.csv
3,"[389, 513, 364, 472]",snapshot_4,Present,01-08-2024 10:21,transformed_cam5.csv
4,"[405, 561, 527, 692]",snapshot_4,Absent,01-08-2024 10:21,transformed_cam5.csv
5,"[399, 584, 737, 892]",snapshot_4,Present,01-08-2024 10:21,transformed_cam5.csv
6,"[404, 607, 1001, 1201]",snapshot_4,Present,01-08-2024 10:21,transformed_cam5.csv
7,"[429, 618, 1245, 1456]",snapshot_4,Present,01-08-2024 10:21,transformed_cam5.csv
8,"[270, 346, 271, 347]",snapshot_4,Absent,01-08-2024 10:21,transformed_cam5.csv
9,"[270, 353, 401, 535]",snapshot_4,Present,01-08-2024 10:21,transformed_cam5.csv
10,"[233, 334, 542, 673]",snapshot_4,Absent,01-08-2024 10:21,transformed_cam5.csv
11,"[235, 343, 685, 834]",snapshot_4,Present,01-08-2024 10:21,transformed_cam5.csv
12,"[239, 349, 874, 1014]",snapshot_4,Present,01-08-2024 10:21,transformed_cam5.csv
13,"[238, 355, 1065, 1223]",snapshot_4,Present,01-08-2024 10:21,transformed_cam5.csv
14,"[219, 377, 1286, 1455]",snapshot_4,Present,01-08-2024 10:21,transformed_cam5.csv
15,"[179, 239, 454, 560]",snapshot_4,Absent,01-08-2024 10:21,transformed_cam5.csv
16,"[161, 230, 566, 657]",snapshot_4,Absent,01-08-2024 10:21,transformed_cam5.csv
17,"[158, 222, 663, 785]",snapshot_4,Present,01-08-2024 10:21,transformed_cam5.csv
18,"[143, 217, 814, 940]",snapshot_4,Absent,01-08-2024 10:21,transformed_cam5.csv
19,"[127, 214, 955, 1073]",snapshot_4,Absent,01-08-2024 10:21,transformed_cam5.csv
20,"[141, 228, 1109, 1243]",snapshot_4,Present,01-08-2024 10:21,transformed_cam5.csv
21,"[138, 218, 1286, 1407]",snapshot_4,Present,01-08-2024 10:21,transformed_cam5.csv
22,"[120, 161, 566, 655]",snapshot_4,Present,01-08-2024 10:21,transformed_cam5.csv
23,"[108, 161, 655, 761]",snapshot_4,Present,01-08-2024 10:21,transformed_cam5.csv
24,"[86, 141, 767, 863]",snapshot_4,Present,01-08-2024 10:21,transformed_cam5.csv
25,"[81, 137, 874, 963]",snapshot_4,Present,01-08-2024 10:21,transformed_cam5.csv
26,"[74, 141, 1015, 1113]",snapshot_4,Absent,01-08-2024 10:21,transformed_cam5.csv
27,"[69, 136, 1139, 1231]",snapshot_4,Absent,01-08-2024 10:21,transformed_cam5.csv
28,"[87, 138, 1267, 1373]",snapshot_4,Absent,01-08-2024 10:21,transformed_cam5.csv
1,"[356, 458, 146, 264]",snapshot_5,Absent,01-08-2024 10:27,transformed_cam5.csv
2,"[355, 475, 261, 345]",snapshot_5,Absent,01-08-2024 10:27,transformed_cam5.csv
3,"[389, 513, 364, 472]",snapshot_5,Present,01-08-2024 10:27,transformed_cam5.csv
4,"[405, 561, 527, 692]",snapshot_5,Present,01-08-2024 10:27,transformed_cam5.csv
5,"[399, 584, 737, 892]",snapshot_5,Absent,01-08-2024 10:27,transformed_cam5.csv
6,"[404, 607, 1001, 1201]",snapshot_5,Absent,01-08-2024 10:27,transformed_cam5.csv
7,"[429, 618, 1245, 1456]",snapshot_5,Present,01-08-2024 10:27,transformed_cam5.csv
8,"[270, 346, 271, 347]",snapshot_5,Absent,01-08-2024 10:27,transformed_cam5.csv
9,"[270, 353, 401, 535]",snapshot_5,Absent,01-08-2024 10:27,transformed_cam5.csv
10,"[233, 334, 542, 673]",snapshot_5,Absent,01-08-2024 10:27,transformed_cam5.csv
11,"[235, 343, 685, 834]",snapshot_5,Absent,01-08-2024 10:27,transformed_cam5.csv
12,"[239, 349, 874, 1014]",snapshot_5,Absent,01-08-2024 10:27,transformed_cam5.csv
13,"[238, 355, 1065, 1223]",snapshot_5,Absent,01-08-2024 10:27,transformed_cam5.csv
14,"[219, 377, 1286, 1455]",snapshot_5,Present,01-08-2024 10:27,transformed_cam5.csv
15,"[179, 239, 454, 560]",snapshot_5,Absent,01-08-2024 10:27,transformed_cam5.csv
16,"[161, 230, 566, 657]",snapshot_5,Absent,01-08-2024 10:27,transformed_cam5.csv
17,"[158, 222, 663, 785]",snapshot_5,Present,01-08-2024 10:27,transformed_cam5.csv
18,"[143, 217, 814, 940]",snapshot_5,Present,01-08-2024 10:27,transformed_cam5.csv
19,"[127, 214, 955, 1073]",snapshot_5,Present,01-08-2024 10:27,transformed_cam5.csv
20,"[141, 228, 1109, 1243]",snapshot_5,Absent,01-08-2024 10:27,transformed_cam5.csv
21,"[138, 218, 1286, 1407]",snapshot_5,Present,01-08-2024 10:27,transformed_cam5.csv
22,"[120, 161, 566, 655]",snapshot_5,Absent,01-08-2024 10:27,transformed_cam5.csv
23,"[108, 161, 655, 761]",snapshot_5,Present,01-08-2024 10:27,transformed_cam5.csv
24,"[86, 141, 767, 863]",snapshot_5,Absent,01-08-2024 10:27,transformed_cam5.csv
25,"[81, 137, 874, 963]",snapshot_5,Absent,01-08-2024 10:27,transformed_cam5.csv
26,"[74, 141, 1015, 1113]",snapshot_5,Absent,01-08-2024 10:27,transformed_cam5.csv
27,"[69, 136, 1139, 1231]",snapshot_5,Absent,01-08-2024 10:27,transformed_cam5.csv
28,"[87, 138, 1267, 1373]",snapshot_5,Present,01-08-2024 10:27,transformed_cam5.csv
1,"[245, 327, 40, 122]",snapshot_1,Present,01-08-2024 10:02,transformed_cam6.csv
2,"[254, 330, 114, 195]",snapshot_1,Absent,01-08-2024 10:02,transformed_cam6.csv
3,"[251, 340, 212, 320]",snapshot_1,Present,01-08-2024 10:02,transformed_cam6.csv
4,"[262, 359, 324, 416]",snapshot_1,Absent,01-08-2024 10:02,transformed_cam6.csv
5,"[270, 382, 441, 578]",snapshot_1,Present,01-08-2024 10:02,transformed_cam6.csv
6,"[280, 394, 640, 779]",snapshot_1,Present,01-08-2024 10:02,transformed_cam6.csv
7,"[291, 398, 836, 992]",snapshot_1,Present,01-08-2024 10:02,transformed_cam6.csv
8,"[287, 403, 1033, 1175]",snapshot_1,Present,01-08-2024 10:02,transformed_cam6.csv
9,"[318, 439, 1215, 1374]",snapshot_1,Present,01-08-2024 10:02,transformed_cam6.csv
10,"[341, 445, 1393, 1538]",snapshot_1,Present,01-08-2024 10:02,transformed_cam6.csv
11,"[177, 250, 199, 289]",snapshot_1,Absent,01-08-2024 10:02,transformed_cam6.csv
12,"[168, 247, 312, 398]",snapshot_1,Absent,01-08-2024 10:03,transformed_cam6.csv
13,"[183, 252, 413, 506]",snapshot_1,Present,01-08-2024 10:03,transformed_cam6.csv
14,"[194, 262, 536, 637]",snapshot_1,Present,01-08-2024 10:03,transformed_cam6.csv
15,"[193, 261, 652, 760]",snapshot_1,Present,01-08-2024 10:03,transformed_cam6.csv
16,"[198, 276, 783, 913]",snapshot_1,Present,01-08-2024 10:03,transformed_cam6.csv
17,"[193, 280, 961, 1059]",snapshot_1,Present,01-08-2024 10:03,transformed_cam6.csv
18,"[199, 299, 1123, 1248]",snapshot_1,Present,01-08-2024 10:03,transformed_cam6.csv
19,"[212, 304, 1267, 1368]",snapshot_1,Present,01-08-2024 10:03,transformed_cam6.csv
20,"[235, 336, 1421, 1524]",snapshot_1,Present,01-08-2024 10:03,transformed_cam6.csv
21,"[241, 340, 1543, 1627]",snapshot_1,Present,01-08-2024 10:03,transformed_cam6.csv
22,"[140, 192, 430, 530]",snapshot_1,Present,01-08-2024 10:03,transformed_cam6.csv
23,"[143, 192, 548, 630]",snapshot_1,Absent,01-08-2024 10:04,transformed_cam6.csv
24,"[130, 185, 649, 737]",snapshot_1,Absent,01-08-2024 10:04,transformed_cam6.csv
25,"[126, 205, 767, 857]",snapshot_1,Present,01-08-2024 10:04,transformed_cam6.csv
26,"[136, 209, 905, 997]",snapshot_1,Present,01-08-2024 10:04,transformed_cam6.csv
27,"[140, 212, 1031, 1099]",snapshot_1,Absent,01-08-2024 10:04,transformed_cam6.csv
28,"[165, 206, 1131, 1229]",snapshot_1,Absent,01-08-2024 10:04,transformed_cam6.csv
29,"[162, 215, 1261, 1344]",snapshot_1,Present,01-08-2024 10:04,transformed_cam6.csv
30,"[184, 246, 1380, 1458]",snapshot_1,Present,01-08-2024 10:04,transformed_cam6.csv
31,"[143, 189, 1319, 1395]",snapshot_1,Present,01-08-2024 10:04,transformed_cam6.csv
32,"[114, 168, 1222, 1291]",snapshot_1,Absent,01-08-2024 10:04,transformed_cam6.csv
33,"[111, 160, 1108, 1174]",snapshot_1,Absent,01-08-2024 10:04,transformed_cam6.csv
34,"[101, 151, 994, 1050]",snapshot_1,Absent,01-08-2024 10:04,transformed_cam6.csv
35,"[102, 147, 702, 785]",snapshot_1,Present,01-08-2024 10:04,transformed_cam6.csv
1,"[245, 327, 40, 122]",snapshot_2,Absent,01-08-2024 10:10,transformed_cam6.csv
2,"[254, 330, 114, 195]",snapshot_2,Present,01-08-2024 10:10,transformed_cam6.csv
3,"[251, 340, 212, 320]",snapshot_2,Absent,01-08-2024 10:10,transformed_cam6.csv
4,"[262, 359, 324, 416]",snapshot_2,Present,01-08-2024 10:10,transformed_cam6.csv
5,"[270, 382, 441, 578]",snapshot_2,Present,01-08-2024 10:10,transformed_cam6.csv
6,"[280, 394, 640, 779]",snapshot_2,Present,01-08-2024 10:10,transformed_cam6.csv
7,"[291, 398, 836, 992]",snapshot_2,Present,01-08-2024 10:10,transformed_cam6.csv
8,"[287, 403, 1033, 1175]",snapshot_2,Present,01-08-2024 10:10,transformed_cam6.csv
9,"[318, 439, 1215, 1374]",snapshot_2,Present,01-08-2024 10:10,transformed_cam6.csv
10,"[341, 445, 1393, 1538]",snapshot_2,Present,01-08-2024 10:10,transformed_cam6.csv
11,"[177, 250, 199, 289]",snapshot_2,Absent,01-08-2024 10:10,transformed_cam6.csv
12,"[168, 247, 312, 398]",snapshot_2,Present,01-08-2024 10:10,transformed_cam6.csv
13,"[183, 252, 413, 506]",snapshot_2,Present,01-08-2024 10:10,transformed_cam6.csv
14,"[194, 262, 536, 637]",snapshot_2,Present,01-08-2024 10:10,transformed_cam6.csv
15,"[193, 261, 652, 760]",snapshot_2,Absent,01-08-2024 10:10,transformed_cam6.csv
16,"[198, 276, 783, 913]",snapshot_2,Present,01-08-2024 10:10,transformed_cam6.csv
17,"[193, 280, 961, 1059]",snapshot_2,Absent,01-08-2024 10:10,transformed_cam6.csv
18,"[199, 299, 1123, 1248]",snapshot_2,Absent,01-08-2024 10:10,transformed_cam6.csv
19,"[212, 304, 1267, 1368]",snapshot_2,Absent,01-08-2024 10:10,transformed_cam6.csv
20,"[235, 336, 1421, 1524]",snapshot_2,Present,01-08-2024 10:10,transformed_cam6.csv
21,"[241, 340, 1543, 1627]",snapshot_2,Present,01-08-2024 10:10,transformed_cam6.csv
22,"[140, 192, 430, 530]",snapshot_2,Present,01-08-2024 10:10,transformed_cam6.csv
23,"[143, 192, 548, 630]",snapshot_2,Present,01-08-2024 10:10,transformed_cam6.csv
24,"[130, 185, 649, 737]",snapshot_2,Present,01-08-2024 10:10,transformed_cam6.csv
25,"[126, 205, 767, 857]",snapshot_2,Present,01-08-2024 10:10,transformed_cam6.csv
26,"[136, 209, 905, 997]",snapshot_2,Absent,01-08-2024 10:10,transformed_cam6.csv
27,"[140, 212, 1031, 1099]",snapshot_2,Present,01-08-2024 10:10,transformed_cam6.csv
28,"[165, 206, 1131, 1229]",snapshot_2,Absent,01-08-2024 10:10,transformed_cam6.csv
29,"[162, 215, 1261, 1344]",snapshot_2,Absent,01-08-2024 10:10,transformed_cam6.csv
30,"[184, 246, 1380, 1458]",snapshot_2,Present,01-08-2024 10:10,transformed_cam6.csv
31,"[143, 189, 1319, 1395]",snapshot_2,Absent,01-08-2024 10:11,transformed_cam6.csv
32,"[114, 168, 1222, 1291]",snapshot_2,Absent,01-08-2024 10:11,transformed_cam6.csv
33,"[111, 160, 1108, 1174]",snapshot_2,Absent,01-08-2024 10:11,transformed_cam6.csv
34,"[101, 151, 994, 1050]",snapshot_2,Absent,01-08-2024 10:11,transformed_cam6.csv
35,"[102, 147, 702, 785]",snapshot_2,Present,01-08-2024 10:11,transformed_cam6.csv
1,"[245, 327, 40, 122]",snapshot_3,Present,01-08-2024 10:16,transformed_cam6.csv
2,"[254, 330, 114, 195]",snapshot_3,Absent,01-08-2024 10:16,transformed_cam6.csv
3,"[251, 340, 212, 320]",snapshot_3,Present,01-08-2024 10:16,transformed_cam6.csv
4,"[262, 359, 324, 416]",snapshot_3,Present,01-08-2024 10:16,transformed_cam6.csv
5,"[270, 382, 441, 578]",snapshot_3,Absent,01-08-2024 10:16,transformed_cam6.csv
6,"[280, 394, 640, 779]",snapshot_3,Present,01-08-2024 10:16,transformed_cam6.csv
7,"[291, 398, 836, 992]",snapshot_3,Present,01-08-2024 10:16,transformed_cam6.csv
8,"[287, 403, 1033, 1175]",snapshot_3,Present,01-08-2024 10:16,transformed_cam6.csv
9,"[318, 439, 1215, 1374]",snapshot_3,Present,01-08-2024 10:16,transformed_cam6.csv
10,"[341, 445, 1393, 1538]",snapshot_3,Present,01-08-2024 10:16,transformed_cam6.csv
11,"[177, 250, 199, 289]",snapshot_3,Absent,01-08-2024 10:16,transformed_cam6.csv
12,"[168, 247, 312, 398]",snapshot_3,Absent,01-08-2024 10:16,transformed_cam6.csv
13,"[183, 252, 413, 506]",snapshot_3,Present,01-08-2024 10:16,transformed_cam6.csv
14,"[194, 262, 536, 637]",snapshot_3,Present,01-08-2024 10:16,transformed_cam6.csv
15,"[193, 261, 652, 760]",snapshot_3,Present,01-08-2024 10:16,transformed_cam6.csv
16,"[198, 276, 783, 913]",snapshot_3,Present,01-08-2024 10:16,transformed_cam6.csv
17,"[193, 280, 961, 1059]",snapshot_3,Absent,01-08-2024 10:16,transformed_cam6.csv
18,"[199, 299, 1123, 1248]",snapshot_3,Present,01-08-2024 10:16,transformed_cam6.csv
19,"[212, 304, 1267, 1368]",snapshot_3,Absent,01-08-2024 10:16,transformed_cam6.csv
20,"[235, 336, 1421, 1524]",snapshot_3,Present,01-08-2024 10:16,transformed_cam6.csv
21,"[241, 340, 1543, 1627]",snapshot_3,Absent,01-08-2024 10:16,transformed_cam6.csv
22,"[140, 192, 430, 530]",snapshot_3,Present,01-08-2024 10:16,transformed_cam6.csv
23,"[143, 192, 548, 630]",snapshot_3,Absent,01-08-2024 10:16,transformed_cam6.csv
24,"[130, 185, 649, 737]",snapshot_3,Absent,01-08-2024 10:16,transformed_cam6.csv
25,"[126, 205, 767, 857]",snapshot_3,Present,01-08-2024 10:16,transformed_cam6.csv
26,"[136, 209, 905, 997]",snapshot_3,Absent,01-08-2024 10:16,transformed_cam6.csv
27,"[140, 212, 1031, 1099]",snapshot_3,Present,01-08-2024 10:16,transformed_cam6.csv
28,"[165, 206, 1131, 1229]",snapshot_3,Present,01-08-2024 10:16,transformed_cam6.csv
29,"[162, 215, 1261, 1344]",snapshot_3,Present,01-08-2024 10:16,transformed_cam6.csv
30,"[184, 246, 1380, 1458]",snapshot_3,Absent,01-08-2024 10:16,transformed_cam6.csv
31,"[143, 189, 1319, 1395]",snapshot_3,Present,01-08-2024 10:17,transformed_cam6.csv
32,"[114, 168, 1222, 1291]",snapshot_3,Present,01-08-2024 10:17,transformed_cam6.csv
33,"[111, 160, 1108, 1174]",snapshot_3,Absent,01-08-2024 10:17,transformed_cam6.csv
34,"[101, 151, 994, 1050]",snapshot_3,Absent,01-08-2024 10:17,transformed_cam6.csv
35,"[102, 147, 702, 785]",snapshot_3,Absent,01-08-2024 10:17,transformed_cam6.csv
1,"[245, 327, 40, 122]",snapshot_4,Absent,01-08-2024 10:22,transformed_cam6.csv
2,"[254, 330, 114, 195]",snapshot_4,Absent,01-08-2024 10:22,transformed_cam6.csv
3,"[251, 340, 212, 320]",snapshot_4,Absent,01-08-2024 10:22,transformed_cam6.csv
4,"[262, 359, 324, 416]",snapshot_4,Absent,01-08-2024 10:22,transformed_cam6.csv
5,"[270, 382, 441, 578]",snapshot_4,Absent,01-08-2024 10:22,transformed_cam6.csv
6,"[280, 394, 640, 779]",snapshot_4,Absent,01-08-2024 10:22,transformed_cam6.csv
7,"[291, 398, 836, 992]",snapshot_4,Absent,01-08-2024 10:22,transformed_cam6.csv
8,"[287, 403, 1033, 1175]",snapshot_4,Absent,01-08-2024 10:22,transformed_cam6.csv
9,"[318, 439, 1215, 1374]",snapshot_4,Absent,01-08-2024 10:22,transformed_cam6.csv
10,"[341, 445, 1393, 1538]",snapshot_4,Absent,01-08-2024 10:22,transformed_cam6.csv
11,"[177, 250, 199, 289]",snapshot_4,Absent,01-08-2024 10:22,transformed_cam6.csv
12,"[168, 247, 312, 398]",snapshot_4,Present,01-08-2024 10:22,transformed_cam6.csv
13,"[183, 252, 413, 506]",snapshot_4,Absent,01-08-2024 10:22,transformed_cam6.csv
14,"[194, 262, 536, 637]",snapshot_4,Absent,01-08-2024 10:22,transformed_cam6.csv
15,"[193, 261, 652, 760]",snapshot_4,Absent,01-08-2024 10:22,transformed_cam6.csv
16,"[198, 276, 783, 913]",snapshot_4,Absent,01-08-2024 10:22,transformed_cam6.csv
17,"[193, 280, 961, 1059]",snapshot_4,Absent,01-08-2024 10:22,transformed_cam6.csv
18,"[199, 299, 1123, 1248]",snapshot_4,Absent,01-08-2024 10:22,transformed_cam6.csv
19,"[212, 304, 1267, 1368]",snapshot_4,Absent,01-08-2024 10:22,transformed_cam6.csv
20,"[235, 336, 1421, 1524]",snapshot_4,Absent,01-08-2024 10:22,transformed_cam6.csv
21,"[241, 340, 1543, 1627]",snapshot_4,Absent,01-08-2024 10:22,transformed_cam6.csv
22,"[140, 192, 430, 530]",snapshot_4,Absent,01-08-2024 10:22,transformed_cam6.csv
23,"[143, 192, 548, 630]",snapshot_4,Absent,01-08-2024 10:22,transformed_cam6.csv
24,"[130, 185, 649, 737]",snapshot_4,Present,01-08-2024 10:22,transformed_cam6.csv
25,"[126, 205, 767, 857]",snapshot_4,Absent,01-08-2024 10:22,transformed_cam6.csv
26,"[136, 209, 905, 997]",snapshot_4,Absent,01-08-2024 10:22,transformed_cam6.csv
27,"[140, 212, 1031, 1099]",snapshot_4,Absent,01-08-2024 10:22,transformed_cam6.csv
28,"[165, 206, 1131, 1229]",snapshot_4,Absent,01-08-2024 10:22,transformed_cam6.csv
29,"[162, 215, 1261, 1344]",snapshot_4,Absent,01-08-2024 10:22,transformed_cam6.csv
30,"[184, 246, 1380, 1458]",snapshot_4,Absent,01-08-2024 10:22,transformed_cam6.csv
31,"[143, 189, 1319, 1395]",snapshot_4,Absent,01-08-2024 10:23,transformed_cam6.csv
32,"[114, 168, 1222, 1291]",snapshot_4,Absent,01-08-2024 10:23,transformed_cam6.csv
33,"[111, 160, 1108, 1174]",snapshot_4,Absent,01-08-2024 10:23,transformed_cam6.csv
34,"[101, 151, 994, 1050]",snapshot_4,Absent,01-08-2024 10:23,transformed_cam6.csv
35,"[102, 147, 702, 785]",snapshot_4,Absent,01-08-2024 10:23,transformed_cam6.csv
1,"[245, 327, 40, 122]",snapshot_5,Absent,01-08-2024 10:28,transformed_cam6.csv
2,"[254, 330, 114, 195]",snapshot_5,Absent,01-08-2024 10:28,transformed_cam6.csv
3,"[251, 340, 212, 320]",snapshot_5,Absent,01-08-2024 10:28,transformed_cam6.csv
4,"[262, 359, 324, 416]",snapshot_5,Present,01-08-2024 10:28,transformed_cam6.csv
5,"[270, 382, 441, 578]",snapshot_5,Absent,01-08-2024 10:28,transformed_cam6.csv
6,"[280, 394, 640, 779]",snapshot_5,Absent,01-08-2024 10:28,transformed_cam6.csv
7,"[291, 398, 836, 992]",snapshot_5,Absent,01-08-2024 10:28,transformed_cam6.csv
8,"[287, 403, 1033, 1175]",snapshot_5,Absent,01-08-2024 10:28,transformed_cam6.csv
9,"[318, 439, 1215, 1374]",snapshot_5,Present,01-08-2024 10:28,transformed_cam6.csv
10,"[341, 445, 1393, 1538]",snapshot_5,Present,01-08-2024 10:28,transformed_cam6.csv
11,"[177, 250, 199, 289]",snapshot_5,Absent,01-08-2024 10:28,transformed_cam6.csv
12,"[168, 247, 312, 398]",snapshot_5,Absent,01-08-2024 10:28,transformed_cam6.csv
13,"[183, 252, 413, 506]",snapshot_5,Absent,01-08-2024 10:28,transformed_cam6.csv
14,"[194, 262, 536, 637]",snapshot_5,Absent,01-08-2024 10:28,transformed_cam6.csv
15,"[193, 261, 652, 760]",snapshot_5,Absent,01-08-2024 10:28,transformed_cam6.csv
16,"[198, 276, 783, 913]",snapshot_5,Absent,01-08-2024 10:28,transformed_cam6.csv
17,"[193, 280, 961, 1059]",snapshot_5,Absent,01-08-2024 10:28,transformed_cam6.csv
18,"[199, 299, 1123, 1248]",snapshot_5,Absent,01-08-2024 10:28,transformed_cam6.csv
19,"[212, 304, 1267, 1368]",snapshot_5,Absent,01-08-2024 10:28,transformed_cam6.csv
20,"[235, 336, 1421, 1524]",snapshot_5,Absent,01-08-2024 10:28,transformed_cam6.csv
21,"[241, 340, 1543, 1627]",snapshot_5,Present,01-08-2024 10:28,transformed_cam6.csv
22,"[140, 192, 430, 530]",snapshot_5,Absent,01-08-2024 10:28,transformed_cam6.csv
23,"[143, 192, 548, 630]",snapshot_5,Absent,01-08-2024 10:28,transformed_cam6.csv
24,"[130, 185, 649, 737]",snapshot_5,Absent,01-08-2024 10:28,transformed_cam6.csv
25,"[126, 205, 767, 857]",snapshot_5,Absent,01-08-2024 10:28,transformed_cam6.csv
26,"[136, 209, 905, 997]",snapshot_5,Absent,01-08-2024 10:28,transformed_cam6.csv
27,"[140, 212, 1031, 1099]",snapshot_5,Absent,01-08-2024 10:28,transformed_cam6.csv
28,"[165, 206, 1131, 1229]",snapshot_5,Present,01-08-2024 10:28,transformed_cam6.csv
29,"[162, 215, 1261, 1344]",snapshot_5,Absent,01-08-2024 10:28,transformed_cam6.csv
30,"[184, 246, 1380, 1458]",snapshot_5,Absent,01-08-2024 10:29,transformed_cam6.csv
31,"[143, 189, 1319, 1395]",snapshot_5,Absent,01-08-2024 10:29,transformed_cam6.csv
32,"[114, 168, 1222, 1291]",snapshot_5,Absent,01-08-2024 10:29,transformed_cam6.csv
33,"[111, 160, 1108, 1174]",snapshot_5,Absent,01-08-2024 10:29,transformed_cam6.csv
34,"[101, 151, 994, 1050]",snapshot_5,Absent,01-08-2024 10:29,transformed_cam6.csv
35,"[102, 147, 702, 785]",snapshot_5,Absent,01-08-2024 10:29,transformed_cam6.csv
